Index,2022-05-23,2022-05-24,2022-05-25,2022-05-26,2022-05-27
60,39097.89159595317,39204.75161019936,39261.45932178085,39553.90197709108,39402.95514558436
80,35594.62404671373,35728.237927612434,35676.50569134587,35588.084534277055,35463.46050870284
100,58686.48193910849,58596.8537413128,58639.26001088998,58544.021727389714,58621.392333289084
120,124720.46941269125,124585.20087703066,124948.48661552434,125297.62651728795,125662.22814825056
150,79593.25412614786,79971.37922879751,80217.88552713611,80504.23137422618,80575.3315456144
240,14212.655358293514,14298.326874375765,14315.879810525043,14296.970404642481,14284.555334605033
250,42855.340606580234,42822.60439426752,42915.34327894365,43006.199637738224,43049.51084329527
270,83796.39122628167,83817.7234250825,83929.74151421397,83937.72524583482,83775.65622779
660,112425.23576115018,112780.27471537769,112715.12837127861,112733.12833570904,112490.18476398592
670,666837.4984109694,669255.0541908346,669724.1343577899,670536.8252740849,670409.8837901519
720,41149.322800175854,41369.13426963426,41416.38842177935,41527.29916631242,41483.68693702437
810,199853.61255617478,200690.152069015,201537.6305571464,201768.4473216808,202115.25075927048
880,28064.922443736472,28168.104496885906,28292.79512355596,28266.322815984695,28255.771970232214
990,73707.31493192613,74119.59008962574,74445.55754373719,74585.09678101137,74228.53571648656
1230,17210.25176730433,17261.349368224026,17295.86178758705,17242.503446537638,17189.126629904404
1440,2085.1754986059887,2089.818517854905,2092.154535620293,2093.34557981108,2101.5580009465684
1450,30200.611120622983,30267.010228554765,30296.67738645855,30333.09130670796,30386.761769379187
1740,4670.305174769343,4681.875505566865,4676.491335390193,4682.62666217579,4676.651134942186
2380,340819.5875866765,341719.7793375754,341914.7100463533,342689.34143086063,342637.7966503253
2790,42837.88932624001,43079.06639108323,43231.96262606398,43360.0796882734,43421.6066476081
3000,10717.478212503778,10786.20023274047,10821.771458295221,10812.257851984039,10823.652709625252
3090,28519.83778210196,28870.522818384885,28755.280610963277,28875.31406674902,28993.256248958754
3380,10259.335991356596,10271.23287684587,10284.5044759915,10270.271644117032,10267.925777529666
3410,7809.775835205868,7794.948141105778,7782.792928664965,7760.76060961337,7764.168251486692
3490,28777.98662377017,28715.77957101625,28700.868509282904,28659.37454725248,28659.665210584724
3670,135831.67096327024,135513.59765430487,136043.2231151572,136638.88126541662,137110.72130147414
3800,42676.07451809876,42819.757681054936,42754.681290211156,42678.16682465102,42645.511210331184
4000,84082.53756570755,83769.30567704716,83462.23446731715,83235.67129933366,83698.32435861959
4020,40183.573409400866,40431.01697280121,40652.69528335567,40611.88404877217,40640.87377517339
4170,247756.87594063295,248207.2572438153,248598.6502896495,248130.3246865676,248139.96790863737
4370,279611.81728061143,280231.0812438093,280231.2150602966,280131.09772552084,280392.58236706204
4490,59751.286320946136,59859.05983787997,59896.00308245598,59758.29883101872,59758.386970439824
4800,82093.51010180404,82191.08167446648,82249.80989375789,82336.83834019752,82193.41966348545
4990,34257.289026744314,34411.6927792716,34362.31002265535,34341.170813781886,34302.68733331398
5250,20418.109770125157,20549.970458570187,20619.073317407645,20637.911521282265,20679.900630065447
5290,42489.427235018244,42493.2264709204,42391.657924132334,42594.979619245685,42565.10093632674
5300,182446.54487818773,182658.65342247437,182571.13167007835,182653.04181547958,182231.7757595874
5380,186638.39123082938,186882.6892959202,186841.14839245117,186443.00936423615,186214.0537352136
5385,92812.56036165227,93069.05167742507,93319.19382246472,93348.49266505327,93323.45816582449
5387,93181.14263324035,93462.6519377838,93754.78004088544,93858.43810166785,93884.12777607734
5490,291900.0681894526,292017.4589612092,291856.9172748721,291725.2868396705,291131.3524036847
5830,63038.47903551992,63199.238381131014,63330.079437938686,63435.956179638764,63494.94721102928
5850,30046.37947134989,29916.352578389244,29946.66473461798,29903.094336489274,29957.443592748987
5930,68084.32336539967,68217.41692721848,68152.89956226523,68074.02028443264,68041.79657992318
5935,60769.273955562014,60873.27981478274,60841.82685878781,60795.45639807277,60754.37917877545
5940,10189.846521980464,10222.559250528093,10257.879473119248,10262.871008041313,10258.73762579037
6260,60634.06719592316,60725.393290979126,60680.408171223426,60705.36214759942,60677.84751643679
6280,181609.43546160485,182035.39330185525,181931.92571269596,181671.7579043689,182064.32105993477
6360,38048.07659092196,38066.594641825184,37982.8517924291,37960.061947798764,37927.33649678315
6400,601909.9552271765,604899.8985408182,605691.2403265401,605743.6084900732,606741.1220414811
6650,149815.04340668442,150333.52510893423,150670.4783922313,150585.7559110544,150523.41180610895
6730,9323.252962785282,9339.819610449375,9344.284028606307,9348.037653670595,9361.011799272374
6800,7960.437972182082,7980.358884201986,8001.589001321611,7998.748132301157,8008.560661455928
7070,26247.21862002254,26360.335972388613,26384.604297802794,26365.984992363083,26382.30386651376
7310,449304.4013312097,450099.3154324195,451180.347846233,450958.4245756299,452187.721442005
7390,17838.137522275185,17872.372819039134,17820.949202630465,17850.768074523545,17868.108383833533
8560,5993.717169992141,5975.972955290637,5947.720676693599,5959.713612267755,5947.072348705699
8770,73943.92993765557,74090.95818952097,74229.48429793633,74354.16840247952,74388.0747434578
8930,47488.04388676451,47559.88490467425,47702.56492509976,47792.854839154425,47953.66396632577
9150,158448.2125606845,159014.51163616928,158859.28909630483,158596.9403025011,158980.022881057
9240,67277.67803650424,67395.38073244096,67827.3824567445,67889.06095444076,67933.07997395065
9540,88153.48440207442,88515.30975971455,88672.9206683598,88714.02156760762,88896.82254426228
9830,33249.4888971041,33311.99769658917,33435.55714101354,33590.79903920121,33473.318494957624
9900,23344.870139048053,23361.669906726926,23320.548832917193,23337.278424106076,23347.031762537183
10060,110661.08121464447,110899.01422291936,110958.48130086521,110638.35834687087,110350.34324638196
10120,49454.30749549244,49579.48196946811,49654.74594231179,49791.10948366871,49781.80323038485
10130,572176.4118715146,572743.6189062799,571382.8989507792,570670.3032748861,569442.4485288758
10620,78285.12143147753,78472.29545552343,78306.2366852648,78320.79932238406,78175.12200618474
10780,48773.3641660236,48706.04828338723,48673.987341016415,48714.52579031911,48839.10085665942
10950,106185.51251702762,106287.4349375507,106151.89210657557,106178.12108719845,105950.4895156464
11000,12117.091506195859,12133.72131481525,12148.865222642182,12082.86415064206,12137.344578304532
11070,342048.4117866663,340951.83797167207,343767.5571787185,344037.85896850703,345576.01544965943
11170,200277.73976237405,200535.6305403251,201068.2427385719,201035.48515256558,201061.0208901642
11200,30104.927833610236,30068.170973331322,30103.62245729587,30086.917413008607,30129.678048157082
11210,64653.02354466542,64999.914153568636,65288.97927174432,65246.8538805926,65254.227448531135
11780,153199.7007664771,153112.97325618676,152949.67082270567,153717.82469260544,153436.27020328428
12330,202787.47159486765,203962.41293551138,205748.27372719438,205136.31384256954,206212.12009623914
12450,51197.27922232038,51114.53719661688,50927.72763759905,50993.47065194078,50952.00127434573
12510,38222.80490989537,38274.0156398896,38304.09753029331,38313.23833334372,38375.218150880406
12750,72098.12929582247,72152.61161520249,72367.77523702402,72252.29752105249,72566.7155614008
13120,4969.0601445170905,4963.713085782434,4954.931649367305,4969.8579911479965,4972.763678766784
13890,59065.213593069384,59501.041109852886,59676.09607236194,59812.92103849732,60275.334856417365
14680,268703.8348398496,268264.0883261565,267666.8910759978,269665.0853280658,271231.5086609731
15750,5039.453444334357,5050.984519857776,5053.563002865093,5050.051418991076,5048.375438932116
15760,22789.77334203648,22850.14690689655,22838.872690212756,22859.226595466862,22877.983749754436
16360,37794.973657051254,37838.266028035534,37848.09221283642,37856.2837313775,37856.25537720953
16380,16865.27979889016,16968.868376901424,17030.191954824015,16982.366846577235,16927.469069403767
17670,58212.263098997195,57997.558244610555,57779.897928914674,57745.91423774972,57808.710957472926
17800,34098.213900134935,34183.54096828849,34217.16422508431,34386.64259419611,34440.37124367801
18260,146638.70889580526,146767.70515144744,146969.6191376567,147030.87194117063,147140.7128850812
18880,10867.528258162121,10879.376573345951,10897.509238087829,10895.87361531486,10904.136868202299
19170,28455.129432358142,28481.091272955407,28570.164044619338,28824.776359288368,28888.66789112434
20150,94543.84650903991,94774.5771855676,95081.20106588125,95808.32163630243,95715.03338609164
21240,71185.79522750179,71315.5114786268,71716.13282407845,71903.05060986558,71999.85868317776
22100,6231.964328135433,6250.282535730312,6248.625729751658,6252.53022677665,6244.744224413822
23530,96437.48387375446,96824.65068504917,96949.24810554173,96869.69555194884,96697.93543487148
24110,10999.253592278825,11016.465230080976,11037.098364752263,11026.990838804577,11034.029018432995
25900,84867.13882266101,84799.99632946702,85014.74848271448,85011.55446252001,84899.83807612563
25980,7930.868024038903,7955.331499040049,7963.959441600316,7966.138288092226,8024.981225629413
26960,26795.446972621474,26841.170989769613,26855.0087856498,26845.58654712633,26839.75144979131
27360,3312.499310277038,3315.7623538381226,3325.991658651764,3341.5483460234323,3340.7532453590943
28050,24056.524646971786,24086.987078466304,24122.347030563724,24111.799109806445,24030.08279296151
28260,116490.97156799998,116903.20496510965,116899.77251870836,116704.26281038311,116942.17356510156
28300,51055.26290028139,50498.71864687153,50509.09494392972,50315.89747200059,49993.78346656107
28670,7871.115544937343,7840.825231974794,7791.190837509838,7796.419205551636,7741.3205352447685
29780,33449.8840143284,33435.813202360216,33464.59614173958,33517.25596290705,33563.76062662067
30000,25353.02758927748,25323.647046624148,25412.381996654283,25341.654837857906,25381.97109708662
30190,16303.316742267369,16328.386634113862,16357.212736353995,16330.128210877025,16349.828180340743
30200,35937.010780975674,35889.47306775309,35860.973084550715,35793.112989316745,35762.69223369863
30520,22923.20442741798,22884.43077114721,22939.158132825763,22900.81605819456,22921.787355118937
31390,0.0,0.0,0.0,0.0,0.0
31430,34208.66680536372,34249.056580221564,34327.53363992953,34299.24104874307,34271.93683289815
32190,12956.539360121256,12992.130800679184,13013.700845835401,13060.390930682654,13018.03856173635
32300,31546.5459362885,31627.678427062532,31598.024544390297,31598.599440151156,31531.282920068938
32350,15098.814508336374,15138.328164129234,15116.236457916313,15150.955729567024,15180.781097573996
32500,31356.171756153868,31399.410300884407,31502.357610662453,31493.46097156261,31650.625356539673
32620,6368.247941324975,6377.257200647905,6390.916690247906,6415.8522670628545,6417.649548789654
32640,13257.750525663887,13287.736087594581,13293.559317314484,13291.251305777305,13295.314755144513
32830,67198.18685659772,67476.7958482678,67866.56967025629,67848.30256213332,67747.79971172982
33290,6902.866172091827,6921.15583750335,6925.840477602691,6916.46618135943,6921.307994122529
33310,6087.759455043372,6103.622860156483,6108.626523992352,6168.028146130969,6176.406693996153
33640,28880.233519362693,28920.805568463686,28964.037666835648,28968.921626307594,29052.06422611564
33780,84389.30057132724,84518.47562029393,84591.85339052264,84643.59660064329,84727.6574369212
34020,20597.649280430276,20553.79695196463,20562.752706464737,20630.328184848076,20723.75638504905
34220,17163.88912906417,17254.931003190504,17232.32411323117,17223.898546652028,17221.073286647672
34230,15291.966647998475,15391.700802976296,15416.282859547648,15420.725558333237,15413.544039465576
34730,248165.83928318942,248591.10630805188,248754.90363941214,248829.68837100075,249098.16189475328
35080,21815.498271337347,21856.983674200128,21911.95279174279,21891.48699849572,21896.31130165321
35250,26798.81296368431,26947.530888772082,27015.551536031235,27027.05141085704,27083.04218978175
35420,274474.96725805773,274536.75880568044,274944.87164339,275373.7069938318,275245.6108207293
35600,15715.943020971135,15747.937368535295,15748.078140490528,15766.804364742353,15789.483517885838
35720,82806.7332530686,83013.57053208737,83187.60058499895,83250.50711171265,83267.9002331099
35760,107844.06078604587,108208.0212344675,108666.39041324961,108639.91499237908,108577.57548816978
35890,1702.3558727989198,1703.9327722932776,1700.0952944525711,1695.6743032882823,1697.2187442530292
35900,54228.93116153002,54578.508462787344,54816.65230585248,54558.98890966185,54548.315076631254
36030,6241.2303000627735,6268.788148546939,6299.638108363973,6309.5056334304245,6297.3095333477095
36460,43462.75897627349,43566.2309621218,43641.68085888062,43722.23673017517,43695.194712691
36490,0.0,0.0,0.0,0.0,0.0
36540,7005.9262543574605,7026.606524337089,7009.795493330349,7012.543957945916,6985.79164637008
36570,449246.04764694837,449612.70220316475,450968.2512720898,451257.7617822691,451151.23734931706
36810,19422.103035446242,19466.36274303921,19444.107473767428,19559.46898284857,19567.783342077262
36830,26319.391433744233,26400.87243743077,26473.562770583852,26604.956501124274,26554.02312084407
36930,22105.253072397198,22161.86935312198,22087.46964683797,22178.885263871754,22056.195590833486
38500,4717.180757739129,4716.770530350064,4725.736880342881,4718.222986635993,4717.447440464562
39030,108885.10315920236,108913.39595511674,108869.83214900664,108845.50002351111,109059.77192964395
39200,28107.171326870866,28150.820706088605,28267.485851314916,28134.105295878446,28084.83275220077
39490,90605.76245297403,90663.45688139953,90640.35145010141,90664.80567964903,90668.37162847907
39840,32086.292230310315,32109.5948790307,32173.572094700092,32247.762541949618,32280.14915684717
41190,6610.427499913537,6663.909698280539,6701.007853870593,6648.783929917347,6635.283764944253
41510,71560.4111296193,71866.38264482238,71823.07046996373,71025.64551781016,71272.10144996787
41960,7908.54819705016,7921.312127196289,7952.270643779947,7966.907721133483,8003.227922811681
42000,16232.262326785789,16400.61387314787,16442.45711246621,16482.821856640698,16441.429365599495
42660,20751.87321928901,20787.90841285291,20748.23265374235,20747.401225411926,20780.323282261837
42700,14770.41688617204,14730.205657850851,14724.099123612761,14821.218904634232,14884.214011113474
43150,36438.486318924086,36465.65409294393,36495.45907636971,36473.67016561992,36435.78002262815
46890,12454.901252879017,12506.833132157853,12533.733602499091,12540.733274539207,12516.509694503948
47040,6111.678121155498,6130.884754078934,6152.359414107647,6167.655073901097,6157.757653109783
47050,23149.269700708504,23186.55543380202,23158.289427459917,23209.28426615119,23187.73441902918
47810,47279.879774362096,47378.22094769365,47353.55393305578,47378.42399686876,47406.610204573146
48260,101344.98499831618,101441.30998477698,101382.57631994809,101632.65927126721,101513.05177820468
48410,30212.2085494787,30309.81833149965,30322.48433141909,30501.308004272338,30252.89803219789
48530,16326.642111745083,16355.577647289745,16440.556668668734,16510.903098541297,16524.530636378542
49070,39837.87313432151,39765.11861339327,40123.787680805246,40188.90957407303,40582.098859862475
51600,37454.88948993666,37483.552610955536,37492.79370642125,37625.0401548599,37675.78900852641
51900,684715.2650338387,687431.3120467879,687245.3857471399,688750.4732238526,689607.780547565
51905,414824.8619733301,415144.06973364064,415764.7374560476,416713.89858634974,417497.97836359456
51910,543663.1107894235,543711.2678908639,543446.5449413974,545442.6911287557,545499.3963109842
51915,263965.45250643237,264129.0851888887,264125.70479184465,264794.4944548357,264833.2306031063
52400,23005.903358472166,23076.188682928725,23109.884732044105,23114.828590310877,23157.36666769319
52690,78421.63840393764,78231.17552358382,78824.39292659934,78782.72436077004,78961.08379542397
53030,13933.863020184252,13964.65713714094,14004.38865475651,14004.32261103837,14035.034342692377
53800,107266.96263487052,104979.1020603724,105554.64179513734,105881.23058059924,105243.79391130064
55550,41695.52025836094,41766.09716958768,41812.93333798398,41786.9924838375,41752.29313603423
56190,42443.61279588261,42420.88845741078,42412.89120469258,42344.04443791784,42359.27274976748
58470,169508.16001699894,169922.18004831896,169759.4722224759,169719.8852572116,169846.8767029169
58820,3071.91967532149,3085.0157983819595,3094.049343084336,3098.8389346887843,3103.724276369742
60150,10083.180848226339,10072.497584168159,10073.543370573569,10048.701330725897,10031.999316929901
60250,16073.476619338957,16092.14356886043,16148.295986041483,16209.192929813935,16235.469874529217
60720,21399.60755129955,21368.562768403524,21382.481324845943,21455.327245775283,21446.73564726773
61970,11127.58557869107,11191.874418587306,11179.585992758874,11128.303138325628,11159.17528019405
64260,8840.412242064675,8778.84516936147,8791.349592728715,8799.533197195104,8807.957980082212
64350,18330.32482149029,18421.260339721965,18442.991882929502,18452.084652756996,18481.861442681937
64550,30007.464422271558,30009.343934570126,30078.6486227291,29921.189009038255,29984.408155972633
64760,134954.50420692278,135718.42182752275,135796.52595308278,135583.4234391962,135240.59677142787
65660,21238.747129249783,21330.170170307407,21510.185852969647,21501.727105813057,21462.466862924724
66570,104335.61883741773,104436.25999832852,104636.47644438758,104663.36314404909,104509.40108582309
66575,54402.168499229694,54323.46837900131,54303.18385703564,54466.86219373526,54379.517743485
66970,269847.29277605587,271853.13431431534,275819.1023282155,278487.98145041923,279659.0920835394
67000,5470.600193455046,5492.456987563058,5504.1681956756265,5539.47122594135,5545.862748041275
67160,102915.56640717585,103393.42618330433,103172.4228934732,103589.89326752098,103115.88327179603
67310,18764.854579156,18612.6845440539,18627.90582286244,18838.57451291824,18926.86214665117
67630,17800.994896591277,17536.46784077741,17541.372295192148,17606.715805553584,17558.689928049767
68240,28111.42827070035,28095.460587381152,28073.953670412597,28078.779003396423,28029.998631841147
68270,145690.54774484038,146246.2444626096,146291.31874123059,146221.4012394706,146442.6740338525
68760,77114.15999250737,77658.23396255443,77628.92788895889,78087.25401469006,78116.8335971055
69080,20830.067008638387,20850.875858024454,20949.714673947314,20932.54603435908,21029.305884734964
69500,34994.52056665838,35027.3838252679,35017.87674565116,35005.907387772895,34989.96278299057
69620,163415.8438558471,163728.75790408906,163584.90995423635,163595.48554550495,164466.24496002728
69960,76284.04962977665,76516.69880346113,76521.2209997192,76388.97404274385,76478.16461225266
71050,69251.80029877053,69488.75110429853,69721.2908889202,69759.054466762,69888.88668166425
73240,4234.3820944495865,4253.777042249806,4258.587693295343,4257.763615960457,4256.270319725473
74600,34734.33891128068,34847.99135441585,34749.165272874394,34758.21130488695,34673.10611826425
78020,6961.683457940557,6972.911652184526,6993.926227885967,6990.831320990597,6990.560068650034
78130,2920.586187060413,2932.078657307413,2944.404741549669,2956.411223836786,2956.795476450591
78340,82254.69846277198,82612.2838542753,83327.1863870346,83766.25532195924,84084.45904464489
78600,99198.69490053738,99437.51021473798,100071.20476950787,100089.8836028172,100668.34147077572
78930,45754.018826241016,45849.25007155082,45909.051740875235,45867.744221130495,45810.569108610405
81660,30318.252356440935,30464.4232831789,30702.38898721469,30789.016178713893,30816.644633266482
82270,14742.478653812283,14786.735814906222,14803.425837650286,14801.181696884705,14891.303588038378
83790,5154.5389620542655,5225.734096031781,5274.010252189095,5321.690887522874,5345.785978159179
84110,25623.66021292392,25733.1818566811,25818.943181494295,25829.462129134863,25883.28406696749
84370,42857.65503702115,42845.38772579302,42834.31638193097,42827.91393838821,42921.33439121024
84850,35006.90519277823,35080.026337898824,35117.222949609604,35154.55732140445,35135.39538679025
84990,21042.181305090286,21166.10652193881,21194.506097402533,21367.292129432353,21316.32821727559
85660,17429.805979350756,17516.80559137353,17504.708831969016,17532.893337261296,17532.346474061174
86280,205522.03573014482,205732.09289438234,205766.61443843978,205528.95302363575,205624.9818456217
86390,25534.446705819104,25458.703495021913,25386.5405845465,25414.466982710688,25390.158112201534
86450,21810.163260512818,21799.366942158085,21853.28934810592,21850.532892163046,21852.685798984057
86790,46977.57108195358,46905.2179969444,46834.255922896475,46805.986345647034,46763.68772670574
86900,126845.50823814025,127374.11062100637,127840.35952987961,127584.71566473856,128269.62517121033
88350,2406.5490210320218,2419.791557037603,2442.163208411003,2453.773175523775,2448.6432305557387
88800,10691.862240279059,10731.675062499191,10726.017149871166,10711.475599866868,10752.965961406617
89030,21029.44197679227,21091.44162118824,21047.302166887806,21019.175746777848,20996.23956677061
89970,20047.068020408067,20114.165307693947,20076.537255619118,20138.480030384035,20120.929510523554
89980,38946.42249317746,38888.29957921651,38909.558431291414,39042.54455906007,39056.90784135357
90430,153323.7821274919,154228.20677319833,154149.2494883063,154337.3147649392,154675.82226274867
90460,28110.533567031005,28142.344591894034,28278.41851150147,28221.174801775578,28257.342671522598
91700,11609.08028456547,11647.547936406587,11633.656917199769,11636.298953141128,11611.60547112332
91990,57477.890201627764,57694.16685665065,57677.0611228732,57727.899937340706,57767.62296619939
92040,28771.01369382313,28838.45301797328,28988.497329027436,29047.475331707432,29075.324661078394
92190,8749.148511234444,8768.031432332074,8781.664259878728,8783.514143125722,8819.008137179493
95610,27209.69621691666,27293.21861297834,27306.213645748197,27285.262733815925,27249.554195778088
95660,20039.307705156643,20084.87187900756,20130.110562651753,20104.958929056666,20099.996806469848
95700,36307.171557218506,36500.088478673395,36607.599507064,36728.63820048927,36892.19626396654
96530,42415.98494683079,42310.75003026016,42344.60947482608,42542.31983492278,42504.43855162082
96770,211031.92426525152,211230.94427200124,210944.87245292735,210821.79256173526,210552.64009723338
97950,398289.01145004097,398308.85931564606,397887.373541955,399751.440042604,398663.6632400594
98460,16819.031559489165,16839.270546334792,16866.514935944226,16863.076925206024,16837.59803725657
99320,47883.49162730373,47738.454332044144,47532.76428887479,47759.17121819168,47615.111688267454
100090,21576.784131204677,21584.49878549142,21638.518989572607,21704.853793132406,21692.998677259984
101490,26207.13637432678,26240.884285692788,26251.801579448034,26337.51443134902,26398.171848859656
102110,35053.67442847589,35088.582914360995,35076.740374519744,35063.94423601265,35051.032469537124
102710,35680.59794232219,35671.832510499684,35604.5741243257,35658.784142806406,35532.049709797546
102780,8966.64264472657,8979.868804131325,8981.690467733166,8969.887871097037,8976.644738633304
104480,4966.900241487233,4955.019935138865,4959.568493571274,4969.759946211475,4956.935792655507
105560,57749.16120226756,57749.18280286824,57729.53286301563,57793.65727596312,57728.827196742
108320,129874.11781978617,130048.09242186445,130325.26740495698,130560.96042298405,130560.23063819628
110790,41799.38866273452,41849.19971793715,41932.77251314903,41757.59813197002,41843.21579148611
111770,47262.61183636694,47321.67226282656,47338.492742461276,47213.71860136687,47148.62929514277
112040,70231.29591355844,70502.24686440061,70746.4239118003,70304.93401757069,70770.39025340053
112610,51950.520177009224,51925.87181611918,52026.12300302777,52290.10652199655,52241.23863420459
120110,65385.52832876586,65432.31240146688,65552.22322877382,65432.99985736371,65497.594294345516
121800,11204.0654384,11245.847312515436,11253.21088588834,11311.217265703612,11304.407010344712
122450,8575.37931260089,8528.531715656864,8578.004698205297,8574.491151721137,8617.567615526199
122630,18528.593642280925,18563.35149997097,18555.044874875195,18546.332832453638,18526.37271905254
122870,55451.708994115965,55549.93493999992,55552.79324889966,55362.64987503896,55385.99629410704
128940,300329.04367759987,301310.94083529536,302583.00456675934,303154.01376462245,303845.6662263243
131290,82520.3890828269,82777.72185822173,82838.62870800948,83362.27659774943,83393.51258707629
131370,5175.777043359612,5173.355426986807,5202.781230665787,5249.358447364057,5264.536769991335
131970,43394.17613158117,43479.0809332224,43471.26406801443,43528.93939886969,43561.240326964195
137400,50847.7906797937,50740.8583849439,51141.26025478271,51689.28659396243,51886.5251148893
138040,30631.89014051974,30799.389236362327,30871.35853869993,31020.834865883622,30994.27184204245
138930,7610.350602820388,7635.597941850698,7653.215103892244,7653.046193076225,7660.169116466309
139130,8546.329766651696,8574.10929406701,8585.601026819451,8582.880166801437,8608.531556282569
139480,116726.32881813926,117063.44239750788,117144.76185309365,117176.17376228476,116904.24092649332
140410,19575.754164567636,19668.574968914036,19734.823470472624,19886.94154460267,19912.609977631535
140860,107109.0724626526,107359.00674224274,107806.22320684606,108518.36300279676,108247.49534509242
141080,39362.99462727341,39421.64862616894,39542.11343814599,39397.33479244478,39336.008577919194
143240,43392.49442682043,43399.84083310874,43330.287404768496,43302.60239658276,43392.597145688866
144510,61313.09286465227,61376.21085853773,61392.2374276592,61507.259817026264,61575.61665050608
145020,121922.34767400792,122236.11433497324,122444.24474412124,122434.8522654838,122508.42676673195
151860,17009.80362096221,17132.827792396318,17203.19169515284,17383.84238845659,17223.687949151474
151910,4996.65434758111,4995.1523001084,5009.249243251038,5003.447533204341,5026.254236329332
153130,103426.78064554986,103425.82891495849,103427.91976833918,103435.54841911639,103436.86330755719
161390,35491.68010141168,35705.53018769447,35811.98220794876,35797.49169807884,35758.659898115686
161890,39341.7854380515,39556.352215331295,39670.74749581709,39733.85333914402,39837.918080589414
166090,61507.89920723151,61906.99499641656,61602.98949883179,61863.34349588941,62344.800961837296
175330,8701.104180240018,8692.907225078858,8673.818692641758,8676.515221232767,8653.536209330592
178320,18058.274957021004,18053.77608566002,18054.50368744425,18015.17110613865,18086.226580903847
178920,47420.22730085809,47314.74688689518,47472.94439792919,47440.14156557871,47455.92820587185
180640,55682.41723172455,55798.44280035564,55797.521965624925,55705.4448420594,55778.47929106439
181710,30018.349634275837,30120.08443382623,30259.62265093608,30328.632743362705,30369.151355832626
183300,61516.805472801076,61685.083005535285,61803.52062641468,61802.46549984366,61491.68107320342
183490,22686.413715848164,22857.654220953442,23092.219489537674,23100.911190230323,23240.710494058425
185490,8188.362540196892,8231.101702391294,8271.575727220099,8324.818346533628,8353.0328840284
185750,90302.99846925368,90604.4497032865,90758.89849592301,90901.82449974718,91106.2797048729
192820,64134.511745935626,64610.21081441152,64802.3330825847,64889.48811192426,65293.11778820287
194480,49410.32449754321,49408.99585364032,49737.0052505742,49890.81867437073,49943.34063100856
196170,54625.31958232017,54824.65277913202,54768.88719661813,54924.66679584177,54889.45764422181
200130,28457.81404907089,28512.70169314066,28536.001904662797,28577.513992724118,28626.161158083738
204270,5793.750918511634,5875.304379731675,5895.376440455959,5919.247319279309,6055.907886333592
204320,52994.49795458495,53084.915848472345,53093.51602373562,53015.36395269441,52911.276592178474
205470,15245.466933156287,15142.692649041388,15240.25457738111,15283.919189545202,15339.477587686375
206640,13889.385303418161,13942.996200004305,13989.079703637508,14098.592259902194,14053.093000501089
206650,17636.55131696878,17607.206759728724,17687.64186634231,17717.012494734656,17724.900380090137
207940,806965.2428192145,808079.1044359454,809408.8337485892,809376.1501451695,811616.335679247
213420,43525.58011417817,43699.385291511746,43649.72529490745,43763.3918116193,43714.45991360793
214150,17396.585807429998,17503.34789410795,17432.613729272933,17496.0901573245,17541.381593712103
214320,51230.2470181336,51374.797384292375,51634.87253621308,51662.9263219249,51780.22915420813
214370,101785.79352192912,101730.55900186741,101791.76329625752,101663.34248564208,101244.63900151015
214450,81449.40656857345,81572.70006468959,81575.45070668256,81623.32398666817,81592.70944428479
214980,103886.97733659568,103888.67142581649,103893.04391517158,103903.47427465343,103907.43654765833
215000,170452.4794924719,170661.91791059703,170540.1796688106,171316.30206602218,170735.0449142412
215200,87964.89910602277,88488.60015561797,88716.2056999739,88937.22370522316,88822.43236236503
216080,17292.486032206794,17336.94134562089,17420.69669869267,17538.492691726722,17497.485458762618
217270,14694.334661185307,14696.178930692857,14773.15310843023,14896.810521546984,14823.898142871809
218410,29219.323234575884,29241.93856429639,29332.430756717775,29328.985617886694,29406.79111297273
220630,62723.24833148634,61947.03446683989,61996.7914490625,62015.71642217758,61998.36981692695
222080,13852.206948778874,13869.181971759102,13958.945604122024,14117.680932049685,14046.03253642731
222800,50324.63721546077,50474.25587115705,50426.6898339112,50856.85476557277,50891.00373084489
226950,21466.84060878409,21582.3755736589,21651.804738277,21764.945859545143,21838.58173277253
230360,16429.40412294632,16436.701201135966,16467.66966230696,16511.2231226738,16533.51178799341
232140,5327.155925636763,5333.461178981623,5341.673626368948,5371.72749324889,5343.304337885641
235980,29108.67380713494,29145.511089302385,29165.05966394545,29195.203208193176,29238.343988153323
237690,94063.44505259614,93801.18281100497,93889.90894381385,93781.62876542108,94102.17964183557
240810,41000.670708123005,41093.45378857706,41089.50552525025,41193.217085059216,41121.02967209583
241560,38514.251846014995,38636.29189711084,38705.69412191241,38737.70507559946,38725.75250425728
243070,38721.51468295884,38877.41259288492,38918.44213902276,39070.61294356323,39107.71290302754
247540,490367.8761166797,493430.01992180245,494292.805567579,496989.46705876954,501598.1954637097
251270,80853.54689683772,81416.0994088067,81621.85040055281,81611.68490200027,81448.67263816779
252670,2626.651158474237,2618.029278770514,2606.6840920093864,2600.303978629084,2607.4354385575616
253450,76131.86885784127,76353.401001937,76397.16015545049,76563.23120067627,76517.606152636
256840,9591.306396549175,9547.91144211169,9627.258944087072,9624.670857291234,9580.339451644839
263720,24654.24113360321,24812.31851081087,24908.61050526688,25001.76677220632,24963.924964089027
263750,60087.76174878527,60237.62947161313,60087.479511126985,60200.3320020803,60408.22585580054
267250,60027.09671164273,60226.55710245702,60361.45607840514,60254.00084000675,60270.15792494224
267980,65344.13704838781,65500.364472914946,65640.41817662049,65725.24168723315,65883.71185542762
268600,29134.5020959279,29160.689727058645,29185.675667023846,29229.132674337623,29301.162314947414
271560,96112.34424363675,96093.46504896057,96179.40543174598,96084.34160987381,96168.0198174191
272210,15424.04044153934,15403.726522788618,15404.55575281456,15497.024458902211,15509.335941892978
272290,45295.06587755086,45293.505007997795,45287.043510503274,45232.428354976946,45232.392645376116
273130,103234.35643344636,103220.55268907655,103230.9633199983,103278.81266781388,103279.82908323192
278280,281821.5278558515,282684.19431994593,283805.03442928154,284178.6969789315,285389.54700598837
278530,11661.131922413286,11675.803942078492,11691.280076166637,11699.730529491262,11688.117122763058
282330,186199.4836420997,186284.53052512737,186128.74580618754,186064.74139492074,185897.16147315863
285130,124291.23008638583,124132.13323558429,124074.0605304714,124214.27272326202,124275.76044067735
287410,8199.59251925852,8228.214890719506,8181.07966664925,8175.1089337185485,8233.755906703667
290510,6138.690346986185,6190.112675695642,6228.02896182474,6274.56726824315,6268.687036697168
290650,37511.42973752413,37637.8633240331,37734.431600804404,37776.57611074585,37888.14937400894
292150,11493.407765583719,11513.07737884165,11530.733875523381,11544.712262085974,11538.289089333495
293490,58946.83117077188,58966.83221544768,58992.651906599414,58974.53691103934,59138.85213412623
293780,18509.068738620423,18549.147559858386,18610.557036754984,18640.42144923766,18613.20129199439
294090,22092.35005678201,22199.50138501816,22205.837261764897,22220.639630768062,22175.571851483623
294870,13403.620191444623,13433.485073302085,13431.13413981745,13367.212948961875,13394.27915860092
298000,204558.08244902332,204340.4262161695,204877.9903048624,205374.03750252278,205267.3503739861
298020,372637.6813408586,372698.691487113,372919.8855048941,373500.43569236906,373864.646819107
298050,472207.531703234,471653.5371009387,473185.22358711605,475041.72860629886,477448.8454334134
298380,22752.10418753256,22822.52377094863,22873.370650449942,22813.21683135448,22699.39211162635
299030,59623.076700482074,59204.989227807106,59159.68022708,59000.8183187436,59082.33762125952
299660,23646.89374053027,23846.812598188313,23826.494885068743,23838.495581718293,23861.85486413539
299900,29660.259133841857,29911.985135780957,30137.385280375536,30121.01963273168,30367.445011333202
307950,129087.04293305925,128785.56040527366,129143.78200029497,129258.18274394935,129443.7008515999
314130,20682.774036882496,20706.623652430804,20718.975322396207,20781.247391907207,20819.198239041438
316140,14594.30765287123,14601.74397106784,14602.251218147996,14603.8980806789,14593.289848766428
319400,3509.612451442437,3502.7085591157756,3514.470320593637,3521.667940005927,3520.470207111469
319660,47574.23486371462,47539.77090326707,47499.39209045568,47760.76347733473,47689.93654504091
321550,15987.293763823925,15995.741689487408,16050.556635426097,16116.009063102567,16097.009685886065
323990,45729.64546410556,45887.78899973479,45894.055370681344,45926.68474709811,45825.64365757842
326030,86156.21072638205,86543.6554236334,86443.18551980198,86429.65325766568,86782.10002729669
330590,5825.2210919493145,5825.320081206866,5830.640829061044,5829.16004523695,5832.89654628409
330860,42019.8263120926,41934.41951665811,41860.57888086979,41826.69423411719,41865.242748312296
336260,37683.16478384444,37727.4737841321,37856.14283220605,37800.23764509034,37828.55013263501
336370,67320.83662066549,67394.69739473671,67610.03688654165,67664.94795931176,68068.02358609736
347860,18727.066007002377,18943.541424805127,18925.28261133043,19069.17396536567,19150.148779349263
348150,15216.301137961153,15211.464767998526,15302.682239140735,15333.636645713048,15543.60437104016
348210,67923.37753124964,68063.13919473739,68323.87553696282,68628.8825480796,68772.44210087784
352820,220974.952565129,221827.10867979866,222180.37905898568,222987.01089778158,222797.91275390465
357780,262951.8077072945,263292.25393429975,263206.8570584894,263395.1712529377,263242.9360958488
363280,24638.51355082997,24828.534009917075,24949.249540756125,25084.649078863225,25063.96734963819
950130,17388.142993143127,17377.13331536137,17435.6883880255,17478.280649548466,17378.124809309054
