,Date,kospi_Close,kospi_Open,kospi_High,kospi_Low,kospi_Volume,kospi_Change,kosdaq_Close,kosdaq_Open,kosdaq_High,kosdaq_Low,kosdaq_Volume,kosdaq_Change,exc_Close,exc_Open,exc_High,exc_Low,exc_Change,DGS20,DGS10,DGS5,DGS1,KR1YT_RR_Close,KR1YT_RR_Open,KR1YT_RR_High,KR1YT_RR_Low,KR1YT_RR_Change,btc_krw_Close,btc_krw_Open,btc_krw_High,btc_krw_Low,btc_krw_Volume,btc_krw_Change,weekday_0.0,weekday_1.0,weekday_2.0,weekday_3.0,weekday_4.0,weeknum_02,weeknum_03,weeknum_04,weeknum_05,weeknum_06,weeknum_07,weeknum_08,weeknum_09,weeknum_10,weeknum_11,weeknum_12,weeknum_13,weeknum_14,weeknum_15,weeknum_16,weeknum_17,weeknum_18,weeknum_19,weeknum_20,weeknum_21,weeknum_22,weeknum_23,weeknum_24,weeknum_25,weeknum_26,weeknum_27,weeknum_28,weeknum_29,weeknum_30,weeknum_31,weeknum_32,weeknum_33,weeknum_34,weeknum_35,weeknum_36,weeknum_37,weeknum_38,weeknum_39,weeknum_40,weeknum_41,weeknum_42,weeknum_43,weeknum_44,weeknum_45,weeknum_46,weeknum_47,weeknum_48,weeknum_49,weeknum_50
0,2021-01-12,2990.57,2943.67,2990.57,2921.84,1520000000.0,0.015700000000000002,985.76,976.43,985.76,965.53,1810000000.0,0.0083,1086.42,1086.69,1090.33,1082.04,-0.0001,1.49,0.96,0.38,0.1,0.636,0.635,0.636,0.635,-0.023,37962000.0,36475000.0,37962000.0,35190000.0,4170.0,0.0401,0,1,0,0,0,1,0,0,0,0,0,0,0,0,0,0,0,0,0,0,0,0,0,0,0,0,0,0,0,0,0,0,0,0,0,0,0,0,0,0,0,0,0,0,0,0,0,0,0,0,0,0,0,0
1,2021-01-13,2968.21,2993.34,3027.16,2961.37,1790000000.0,-0.0075,981.39,987.25,990.88,977.37,1980000000.0,-0.0044,1087.93,1087.4,1089.79,1083.91,0.0014000000000000002,1.6,1.04,0.43,0.11,0.635,0.637,0.637,0.635,-0.0016,40731000.0,37989000.0,40731000.0,37989000.0,4250.0,0.0729,0,0,1,0,0,1,0,0,0,0,0,0,0,0,0,0,0,0,0,0,0,0,0,0,0,0,0,0,0,0,0,0,0,0,0,0,0,0,0,0,0,0,0,0,0,0,0,0,0,0,0,0,0,0
2,2021-01-14,3031.68,2980.75,3055.28,2980.75,1520000000.0,0.021400000000000002,988.86,983.28,993.91,982.27,2260000000.0,0.0076,1094.28,1088.03,1096.78,1085.42,0.0058,1.64,1.08,0.46,0.11,0.636,0.635,0.636,0.635,0.0016,44575000.0,40760000.0,44575000.0,40760000.0,5590.0,0.0944,0,0,0,1,0,1,0,0,0,0,0,0,0,0,0,0,0,0,0,0,0,0,0,0,0,0,0,0,0,0,0,0,0,0,0,0,0,0,0,0,0,0,0,0,0,0,0,0,0,0,0,0,0,0
3,2021-01-15,3152.18,3040.11,3161.11,3040.11,1300000000.0,0.0397,987.79,990.7,995.22,978.12,2560000000.0,-0.0011,1092.93,1094.35,1099.21,1088.79,-0.0012,1.67,1.13,0.49,0.1,0.633,0.635,0.635,0.632,-0.004699999999999999,47241000.0,44592000.0,47241000.0,44592000.0,3880.0,0.059800000000000006,0,0,0,0,1,1,0,0,0,0,0,0,0,0,0,0,0,0,0,0,0,0,0,0,0,0,0,0,0,0,0,0,0,0,0,0,0,0,0,0,0,0,0,0,0,0,0,0,0,0,0,0,0,0
4,2021-01-18,3148.45,3161.9,3266.23,3096.19,1710000000.0,-0.0012,976.63,988.38,993.2,953.36,2200000000.0,-0.0113,1097.23,1093.01,1101.05,1092.73,0.0039000000000000003,1.68,1.15,0.5,0.1,0.633,0.63,0.633,0.63,0.0,40340000.0,43406000.0,43406000.0,35135000.0,9550.0,-0.07150000000000001,1,0,0,0,0,0,1,0,0,0,0,0,0,0,0,0,0,0,0,0,0,0,0,0,0,0,0,0,0,0,0,0,0,0,0,0,0,0,0,0,0,0,0,0,0,0,0,0,0,0,0,0,0,0
5,2021-01-19,3125.95,3145.87,3154.79,3047.56,1390000000.0,-0.0070999999999999995,973.72,977.14,982.46,956.72,1740000000.0,-0.003,1094.48,1097.38,1103.46,1092.97,-0.0025,1.68,1.15,0.5,0.11,0.639,0.637,0.639,0.637,0.0095,38541000.0,40362000.0,40362000.0,38541000.0,2870.0,-0.0446,0,1,0,0,0,0,1,0,0,0,0,0,0,0,0,0,0,0,0,0,0,0,0,0,0,0,0,0,0,0,0,0,0,0,0,0,0,0,0,0,0,0,0,0,0,0,0,0,0,0,0,0,0,0
6,2021-01-20,3148.29,3128.26,3164.37,3109.63,1580000000.0,0.0070999999999999995,979.13,974.14,982.66,972.1,1640000000.0,0.005600000000000001,1097.12,1094.6,1099.33,1092.37,0.0024,1.63,1.1,0.48,0.12,0.639,0.64,0.64,0.638,0.0,41403000.0,38541000.0,41403000.0,37330000.0,4080.0,0.07429999999999999,0,0,1,0,0,0,1,0,0,0,0,0,0,0,0,0,0,0,0,0,0,0,0,0,0,0,0,0,0,0,0,0,0,0,0,0,0,0,0,0,0,0,0,0,0,0,0,0,0,0,0,0,0,0
7,2021-01-21,3149.93,3148.65,3159.03,3128.72,1230000000.0,0.0005,980.29,979.1,980.29,973.63,1740000000.0,0.0012,1095.88,1098.11,1103.42,1093.93,-0.0011,1.69,1.15,0.49,0.1,0.639,0.637,0.639,0.637,0.0,42762000.0,41393000.0,42762000.0,41393000.0,3670.0,0.032799999999999996,0,0,0,1,0,0,1,0,0,0,0,0,0,0,0,0,0,0,0,0,0,0,0,0,0,0,0,0,0,0,0,0,0,0,0,0,0,0,0,0,0,0,0,0,0,0,0,0,0,0,0,0,0,0
8,2021-01-22,3085.9,3153.84,3189.9,3085.9,1330000000.0,-0.0203,964.44,981.72,982.31,963.09,1840000000.0,-0.016200000000000003,1103.27,1096.04,1105.33,1094.93,0.0067,1.66,1.11,0.46,0.1,0.639,0.637,0.639,0.637,0.0,41045000.0,42742000.0,42742000.0,41045000.0,4010.0,-0.04019999999999999,0,0,0,0,1,0,1,0,0,0,0,0,0,0,0,0,0,0,0,0,0,0,0,0,0,0,0,0,0,0,0,0,0,0,0,0,0,0,0,0,0,0,0,0,0,0,0,0,0,0,0,0,0,0
9,2021-01-25,3013.93,3079.9,3079.9,3003.89,1470000000.0,-0.0233,944.67,963.18,967.05,940.11,2040000000.0,-0.020499999999999997,1102.52,1104.26,1108.42,1102.28,-0.0007000000000000001,1.66,1.11,0.46,0.1,0.64,0.64,0.64,0.64,0.0016,39994000.0,39562000.0,39994000.0,39109000.0,1160.0,0.011200000000000002,1,0,0,0,0,0,0,1,0,0,0,0,0,0,0,0,0,0,0,0,0,0,0,0,0,0,0,0,0,0,0,0,0,0,0,0,0,0,0,0,0,0,0,0,0,0,0,0,0,0,0,0,0,0
10,2021-01-26,3092.66,3013.05,3107.0,3011.32,1350000000.0,0.026099999999999998,957.75,945.33,962.14,936.93,2109999999.9999998,0.0138,1101.44,1104.18,1106.17,1100.2,-0.001,1.65,1.1,0.45,0.1,0.64,0.64,0.64,0.64,0.0,39465000.0,39994000.0,40237000.0,39465000.0,1900.0,-0.0132,0,1,0,0,0,0,0,1,0,0,0,0,0,0,0,0,0,0,0,0,0,0,0,0,0,0,0,0,0,0,0,0,0,0,0,0,0,0,0,0,0,0,0,0,0,0,0,0,0,0,0,0,0,0
11,2021-01-27,3114.55,3115.04,3145.01,3077.15,1190000000.0,0.0070999999999999995,977.66,959.52,978.88,959.52,2440000000.0,0.0208,1096.35,1102.44,1103.39,1096.88,-0.0046,1.65,1.1,0.45,0.1,0.655,0.655,0.655,0.655,0.023399999999999997,39277000.0,39466000.0,39466000.0,38339000.0,2070.0,-0.0048,0,0,1,0,0,0,0,1,0,0,0,0,0,0,0,0,0,0,0,0,0,0,0,0,0,0,0,0,0,0,0,0,0,0,0,0,0,0,0,0,0,0,0,0,0,0,0,0,0,0,0,0,0,0
12,2021-01-28,3160.84,3123.27,3163.21,3123.27,1360000000.0,0.0149,981.4,979.82,984.98,975.62,2000000000.0,0.0038,1099.88,1097.35,1102.67,1096.59,0.0032,1.68,1.12,0.45,0.1,0.655,0.655,0.655,0.655,0.0,34389000.0,39252000.0,39252000.0,34389000.0,5030.0,-0.1244,0,0,0,1,0,0,0,1,0,0,0,0,0,0,0,0,0,0,0,0,0,0,0,0,0,0,0,0,0,0,0,0,0,0,0,0,0,0,0,0,0,0,0,0,0,0,0,0,0,0,0,0,0,0
13,2021-01-29,3140.63,3163.83,3185.26,3140.6,1110000000.0,-0.0064,979.98,982.2,984.67,975.05,2290000000.0,-0.0014000000000000002,1105.41,1099.97,1107.29,1098.95,0.005,1.66,1.1,0.44,0.1,0.655,0.655,0.655,0.655,0.0,36365000.0,34401000.0,36365000.0,34401000.0,2120.0,0.0575,0,0,0,0,1,0,0,1,0,0,0,0,0,0,0,0,0,0,0,0,0,0,0,0,0,0,0,0,0,0,0,0,0,0,0,0,0,0,0,0,0,0,0,0,0,0,0,0,0,0,0,0,0,0
14,2021-02-01,3208.99,3144.01,3212.22,3142.8,1090000000.0,0.0218,999.3,981.05,999.64,981.05,1850000000.0,0.0197,1102.58,1105.54,1105.92,1100.05,-0.0026,1.61,1.05,0.42,0.1,0.6559999999999999,0.655,0.657,0.655,0.0015,36061000.0,35545000.0,36372000.0,35545000.0,2870.0,0.0152,1,0,0,0,0,0,0,0,1,0,0,0,0,0,0,0,0,0,0,0,0,0,0,0,0,0,0,0,0,0,0,0,0,0,0,0,0,0,0,0,0,0,0,0,0,0,0,0,0,0,0,0,0,0
15,2021-02-02,3140.31,3203.96,3209.18,3132.67,873020000.0,-0.021400000000000002,994.0,1000.0,1007.52,989.03,2650000000.0,-0.0053,1101.02,1102.69,1108.24,1100.47,-0.0014000000000000002,1.61,1.05,0.42,0.09,0.657,0.657,0.6579999999999999,0.657,0.0015,35950000.0,36021000.0,36060000.0,35950000.0,1820.0,-0.0031,0,1,0,0,0,0,0,0,1,0,0,0,0,0,0,0,0,0,0,0,0,0,0,0,0,0,0,0,0,0,0,0,0,0,0,0,0,0,0,0,0,0,0,0,0,0,0,0,0,0,0,0,0,0
16,2021-02-03,3122.56,3143.46,3182.53,3118.89,924580000.0,-0.005699999999999999,985.92,996.42,1000.75,984.37,2860000000.0,-0.008100000000000001,1108.38,1102.01,1109.9,1100.87,0.0067,1.6,1.04,0.41,0.09,0.6679999999999999,0.6629999999999999,0.6679999999999999,0.6629999999999999,0.0167,34315000.0,35950000.0,35950000.0,34315000.0,2750.0,-0.0455,0,0,1,0,0,0,0,0,1,0,0,0,0,0,0,0,0,0,0,0,0,0,0,0,0,0,0,0,0,0,0,0,0,0,0,0,0,0,0,0,0,0,0,0,0,0,0,0,0,0,0,0,0,0
17,2021-02-04,3069.05,3114.98,3114.98,3046.64,1310000000.0,-0.0171,961.23,980.7,980.7,957.17,1950000000.0,-0.025,1112.52,1108.42,1121.36,1107.49,0.0037,1.63,1.07,0.42,0.08,0.65,0.65,0.65,0.65,-0.0269,36613000.0,34315000.0,36613000.0,34315000.0,2250.0,0.067,0,0,0,1,0,0,0,0,1,0,0,0,0,0,0,0,0,0,0,0,0,0,0,0,0,0,0,0,0,0,0,0,0,0,0,0,0,0,0,0,0,0,0,0,0,0,0,0,0,0,0,0,0,0
18,2021-02-05,2976.21,3078.73,3100.22,2962.7,995070000.0,-0.030299999999999997,928.73,963.58,970.95,918.68,2190000000.0,-0.0338,1117.64,1113.24,1121.76,1112.15,0.0046,1.68,1.11,0.45,0.1,0.636,0.637,0.637,0.636,-0.0215,37509000.0,36635000.0,40308000.0,36635000.0,2920.0,0.0245,0,0,0,0,1,0,0,0,1,0,0,0,0,0,0,0,0,0,0,0,0,0,0,0,0,0,0,0,0,0,0,0,0,0,0,0,0,0,0,0,0,0,0,0,0,0,0,0,0,0,0,0,0,0
19,2021-02-08,3056.53,2976.81,3056.87,2947.24,969260000.0,0.027000000000000003,956.92,927.92,957.26,918.92,1550000000.0,0.0304,1116.51,1118.43,1120.98,1115.55,-0.001,1.66,1.09,0.42,0.08,0.636,0.635,0.636,0.635,0.0,36517000.0,36353000.0,37028000.0,36353000.0,1430.0,0.0045000000000000005,1,0,0,0,0,0,0,0,0,1,0,0,0,0,0,0,0,0,0,0,0,0,0,0,0,0,0,0,0,0,0,0,0,0,0,0,0,0,0,0,0,0,0,0,0,0,0,0,0,0,0,0,0,0
20,2021-02-09,3096.81,3065.56,3138.95,3065.56,887310000.0,0.0132,963.81,958.85,972.35,953.72,1960000000.0,0.0072,1115.37,1117.44,1119.7,1113.65,-0.001,1.69,1.12,0.45,0.08,0.627,0.627,0.627,0.627,-0.014199999999999999,37878000.0,36527000.0,37878000.0,36527000.0,1840.0,0.0373,0,1,0,0,0,0,0,0,0,1,0,0,0,0,0,0,0,0,0,0,0,0,0,0,0,0,0,0,0,0,0,0,0,0,0,0,0,0,0,0,0,0,0,0,0,0,0,0,0,0,0,0,0,0
21,2021-02-10,3129.68,3108.42,3142.26,3091.85,901790000.0,0.0106,970.69,965.99,970.85,958.47,1910000000.0,0.0070999999999999995,1113.46,1115.51,1117.25,1111.8,-0.0017000000000000001,1.73,1.15,0.46,0.08,0.619,0.62,0.62,0.618,-0.0128,39353000.0,37902000.0,39353000.0,37902000.0,1700.0,0.038900000000000004,0,0,1,0,0,0,0,0,0,1,0,0,0,0,0,0,0,0,0,0,0,0,0,0,0,0,0,0,0,0,0,0,0,0,0,0,0,0,0,0,0,0,0,0,0,0,0,0,0,0,0,0,0,0
22,2021-02-15,3087.55,3135.02,3135.02,3068.46,1460000000.0,-0.013500000000000002,964.58,970.93,970.95,958.05,2160000000.0,-0.0063,1120.0,1113.58,1122.74,1112.48,0.0059,1.75,1.15,0.46,0.07,0.619,0.62,0.62,0.618,0.0,39820000.0,39353000.0,39820000.0,39353000.0,1570.0,0.011899999999999999,1,0,0,0,0,0,0,0,0,0,1,0,0,0,0,0,0,0,0,0,0,0,0,0,0,0,0,0,0,0,0,0,0,0,0,0,0,0,0,0,0,0,0,0,0,0,0,0,0,0,0,0,0,0
23,2021-02-16,3120.63,3098.49,3124.62,3081.78,1190000000.0,0.010700000000000001,967.42,965.61,970.6,961.26,1990000000.0,0.0029,1116.77,1120.11,1127.85,1116.22,-0.0029,1.79,1.19,0.47,0.06,0.616,0.615,0.617,0.615,-0.0048,40482000.0,39808000.0,40482000.0,39808000.0,1170.0,0.0166,0,1,0,0,0,0,0,0,0,0,1,0,0,0,0,0,0,0,0,0,0,0,0,0,0,0,0,0,0,0,0,0,0,0,0,0,0,0,0,0,0,0,0,0,0,0,0,0,0,0,0,0,0,0
24,2021-02-17,3091.24,3113.63,3128.54,3085.59,1280000000.0,-0.009399999999999999,960.78,966.94,968.03,956.93,2130000000.0,-0.0069,1115.61,1117.76,1122.17,1116.05,-0.001,1.78,1.19,0.48,0.07,0.628,0.63,0.63,0.628,0.0195,49150000.0,42098000.0,49150000.0,42098000.0,4720.0,0.1677,0,0,1,0,0,0,0,0,0,0,1,0,0,0,0,0,0,0,0,0,0,0,0,0,0,0,0,0,0,0,0,0,0,0,0,0,0,0,0,0,0,0,0,0,0,0,0,0,0,0,0,0,0,0
25,2021-02-18,3084.67,3102.25,3129.66,3084.67,2150000000.0,-0.0021,957.85,961.31,966.22,957.69,3200000000.0,-0.003,1110.88,1117.31,1118.75,1110.08,-0.0042,1.78,1.18,0.48,0.07,0.628,0.63,0.63,0.628,0.0,48649000.0,49158000.0,49748000.0,48649000.0,1670.0,-0.0102,0,0,0,1,0,0,0,0,0,0,1,0,0,0,0,0,0,0,0,0,0,0,0,0,0,0,0,0,0,0,0,0,0,0,0,0,0,0,0,0,0,0,0,0,0,0,0,0,0,0,0,0,0,0
26,2021-02-19,3100.58,3088.13,3111.88,3064.25,2150000000.0,0.0052,964.31,958.45,964.66,951.21,2810000000.0,0.0067,1105.48,1111.01,1114.16,1103.59,-0.0049,1.75,1.15,0.46,0.07,0.628,0.627,0.628,0.627,0.0,48580000.0,48645000.0,48645000.0,47970000.0,1810.0,-0.0014000000000000002,0,0,0,0,1,0,0,0,0,0,1,0,0,0,0,0,0,0,0,0,0,0,0,0,0,0,0,0,0,0,0,0,0,0,0,0,0,0,0,0,0,0,0,0,0,0,0,0,0,0,0,0,0,0
27,2021-02-22,3147.0,3108.7,3156.56,3108.7,1600000000.0,0.015,981.97,965.83,982.78,965.83,3030000000.0,0.0183,1101.31,1104.37,1106.0,1100.7,-0.0012,1.83,1.2,0.5,0.06,0.628,0.627,0.628,0.627,0.0,52498000.0,52631000.0,52631000.0,51795000.0,1040.0,-0.0026,1,0,0,0,0,0,0,0,0,0,0,1,0,0,0,0,0,0,0,0,0,0,0,0,0,0,0,0,0,0,0,0,0,0,0,0,0,0,0,0,0,0,0,0,0,0,0,0,0,0,0,0,0,0
28,2021-02-23,3163.25,3151.85,3180.94,3145.84,1940000000.0,0.0052,977.74,982.81,987.89,974.3,2990000000.0,-0.0043,1106.58,1102.31,1109.55,1096.91,0.0048,1.92,1.3,0.57,0.08,0.624,0.627,0.627,0.624,-0.0064,54780000.0,52490000.0,54780000.0,52490000.0,1210.0,0.0435,0,1,0,0,0,0,0,0,0,0,0,1,0,0,0,0,0,0,0,0,0,0,0,0,0,0,0,0,0,0,0,0,0,0,0,0,0,0,0,0,0,0,0,0,0,0,0,0,0,0,0,0,0,0
29,2021-02-24,3133.73,3162.95,3162.95,3115.48,1780000000.0,-0.009300000000000001,979.77,977.93,979.9,970.55,5070000000.0,0.0021,1105.61,1107.58,1110.81,1104.49,-0.0009,1.92,1.29,0.57,0.07,0.624,0.625,0.625,0.623,0.0,57513000.0,54748000.0,57513000.0,54748000.0,1430.0,0.0499,0,0,1,0,0,0,0,0,0,0,0,1,0,0,0,0,0,0,0,0,0,0,0,0,0,0,0,0,0,0,0,0,0,0,0,0,0,0,0,0,0,0,0,0,0,0,0,0,0,0,0,0,0,0
30,2021-02-25,3086.66,3131.74,3140.4,3086.66,1860000000.0,-0.015,967.42,980.01,981.83,967.42,4410000000.0,-0.0126,1106.96,1106.5,1110.15,1103.19,0.0012,1.91,1.29,0.56,0.06,0.624,0.625,0.625,0.624,0.0,57811000.0,57543000.0,57811000.0,57399000.0,750.0,0.0052,0,0,0,1,0,0,0,0,0,0,0,1,0,0,0,0,0,0,0,0,0,0,0,0,0,0,0,0,0,0,0,0,0,0,0,0,0,0,0,0,0,0,0,0,0,0,0,0,0,0,0,0,0,0
31,2021-02-26,3107.62,3089.96,3109.67,3040.28,3460000000.0,0.0068000000000000005,965.11,967.65,968.92,944.74,4390000000.0,-0.0024,1104.27,1107.08,1111.28,1102.22,-0.0024,1.98,1.34,0.59,0.07,0.625,0.625,0.625,0.625,0.0016,63502000.0,57774000.0,63502000.0,57774000.0,2530.0,0.0984,0,0,0,0,1,0,0,0,0,0,0,1,0,0,0,0,0,0,0,0,0,0,0,0,0,0,0,0,0,0,0,0,0,0,0,0,0,0,0,0,0,0,0,0,0,0,0,0,0,0,0,0,0,0
32,2021-03-02,3079.75,3114.03,3142.48,3079.16,1830000000.0,-0.009000000000000001,954.29,965.55,969.96,953.48,2730000000.0,-0.011200000000000002,1111.59,1106.02,1116.1,1102.83,0.0066,2.02,1.37,0.61,0.06,0.625,0.625,0.625,0.625,0.0,61723000.0,65418000.0,65418000.0,61723000.0,2880.0,-0.0565,0,1,0,0,0,0,0,0,0,0,0,0,1,0,0,0,0,0,0,0,0,0,0,0,0,0,0,0,0,0,0,0,0,0,0,0,0,0,0,0,0,0,0,0,0,0,0,0,0,0,0,0,0,0
33,2021-03-03,3070.09,3069.26,3094.29,3035.46,2360000000.0,-0.0031,936.6,952.23,952.23,934.35,3390000000.0,-0.018500000000000003,1110.13,1112.58,1114.81,1108.24,-0.0013,2.03,1.37,0.59,0.08,0.622,0.622,0.622,0.621,-0.0048,55088000.0,61712000.0,61712000.0,54161000.0,3230.0,-0.1075,0,0,1,0,0,0,0,0,0,0,0,0,1,0,0,0,0,0,0,0,0,0,0,0,0,0,0,0,0,0,0,0,0,0,0,0,0,0,0,0,0,0,0,0,0,0,0,0,0,0,0,0,0,0
34,2021-03-04,2994.98,3070.58,3092.05,2993.46,1560000000.0,-0.0245,906.31,936.8,944.71,906.31,3620000000.0,-0.0323,1107.27,1110.22,1113.75,1106.08,-0.0026,2.07,1.38,0.62,0.08,0.617,0.615,0.617,0.615,-0.008,56500000.0,55099000.0,56595000.0,55099000.0,1590.0,0.0256,0,0,0,1,0,0,0,0,0,0,0,0,1,0,0,0,0,0,0,0,0,0,0,0,0,0,0,0,0,0,0,0,0,0,0,0,0,0,0,0,0,0,0,0,0,0,0,0,0,0,0,0,0,0
35,2021-03-05,3099.69,3026.47,3099.8,3026.47,1280000000.0,0.035,936.21,910.15,936.94,910.15,2450000000.0,0.033,1118.77,1107.54,1121.61,1105.7,0.0104,2.25,1.54,0.81,0.09,0.615,0.615,0.616,0.615,-0.0032,53964000.0,56502000.0,56502000.0,53964000.0,4070.0000000000005,-0.0449,0,0,0,0,1,0,0,0,0,0,0,0,1,0,0,0,0,0,0,0,0,0,0,0,0,0,0,0,0,0,0,0,0,0,0,0,0,0,0,0,0,0,0,0,0,0,0,0,0,0,0,0,0,0
36,2021-03-08,3012.95,3089.49,3089.49,2988.28,1360000000.0,-0.027999999999999997,913.94,930.54,930.54,904.18,2640000000.0,-0.023799999999999998,1123.89,1119.47,1130.33,1118.41,0.0046,2.08,1.44,0.75,0.08,0.619,0.62,0.621,0.619,0.006500000000000001,53588000.0,53958000.0,53958000.0,53364000.0,6490.0,-0.006999999999999999,1,0,0,0,0,0,0,0,0,0,0,0,0,1,0,0,0,0,0,0,0,0,0,0,0,0,0,0,0,0,0,0,0,0,0,0,0,0,0,0,0,0,0,0,0,0,0,0,0,0,0,0,0,0
37,2021-03-09,3043.87,3021.68,3096.5,3020.74,1750000000.0,0.0103,923.17,919.17,936.61,914.49,2960000000.0,0.0101,1125.01,1113.53,1128.28,1102.06,0.0105,2.09,1.42,0.67,0.08,0.618,0.615,0.618,0.615,-0.0016,55963000.0,56376000.0,56376000.0,55776000.0,5890.0,-0.006999999999999999,0,1,0,0,0,0,0,0,0,0,0,0,0,1,0,0,0,0,0,0,0,0,0,0,0,0,0,0,0,0,0,0,0,0,0,0,0,0,0,0,0,0,0,0,0,0,0,0,0,0,0,0,0,0
38,2021-03-10,3082.99,3041.2,3083.04,3029.37,2240000000.0,0.0129,930.8,922.52,930.86,920.07,3390000000.0,0.0083,1126.05,1125.29,1128.05,1116.95,0.0009,2.12,1.47,0.73,0.08,0.609,0.61,0.61,0.607,-0.0146,57841000.0,55927000.0,57841000.0,55927000.0,1540.0,0.0336,0,0,1,0,0,0,0,0,0,0,0,0,0,1,0,0,0,0,0,0,0,0,0,0,0,0,0,0,0,0,0,0,0,0,0,0,0,0,0,0,0,0,0,0,0,0,0,0,0,0,0,0,0,0
39,2021-03-11,3043.49,3076.88,3076.88,3022.54,1280000000.0,-0.0128,926.2,929.09,929.09,916.75,2450000000.0,-0.0049,1130.87,1127.05,1133.06,1123.36,0.0043,2.18,1.54,0.77,0.08,0.633,0.633,0.633,0.633,0.0394,56351000.0,57782000.0,57782000.0,55914000.0,1920.0,-0.0258,0,0,0,1,0,0,0,0,0,0,0,0,0,1,0,0,0,0,0,0,0,0,0,0,0,0,0,0,0,0,0,0,0,0,0,0,0,0,0,0,0,0,0,0,0,0,0,0,0,0,0,0,0,0
40,2021-03-12,3026.26,3036.16,3036.98,2982.45,1190000000.0,-0.005699999999999999,923.48,923.32,924.42,907.41,2170000000.0,-0.0029,1128.0,1131.03,1137.27,1124.04,-0.0025,2.18,1.56,0.79,0.08,0.603,0.605,0.605,0.603,-0.047400000000000005,56506000.0,56325000.0,56506000.0,56325000.0,6090.0,0.0028000000000000004,0,0,0,0,1,0,0,0,0,0,0,0,0,1,0,0,0,0,0,0,0,0,0,0,0,0,0,0,0,0,0,0,0,0,0,0,0,0,0,0,0,0,0,0,0,0,0,0,0,0,0,0,0,0
41,2021-03-15,2996.11,3031.99,3055.65,2992.64,1930000000.0,-0.01,904.77,925.19,931.14,904.62,3320000000.0,-0.0203,1140.83,1128.85,1144.07,1127.06,0.011399999999999999,2.2,1.59,0.86,0.09,0.603,0.605,0.605,0.603,0.0,59777000.0,58016000.0,59777000.0,58016000.0,4550.0,0.0304,1,0,0,0,0,0,0,0,0,0,0,0,0,0,1,0,0,0,0,0,0,0,0,0,0,0,0,0,0,0,0,0,0,0,0,0,0,0,0,0,0,0,0,0,0,0,0,0,0,0,0,0,0,0
42,2021-03-16,2976.12,2989.96,3000.49,2929.36,1530000000.0,-0.0067,896.36,904.04,904.04,877.73,3510000000.0,-0.009300000000000001,1134.91,1141.83,1144.85,1133.38,-0.0052,2.16,1.55,0.83,0.1,0.614,0.617,0.617,0.613,0.0182,62916000.0,59796000.0,62916000.0,59579000.0,1320.0,0.0525,0,1,0,0,0,0,0,0,0,0,0,0,0,0,1,0,0,0,0,0,0,0,0,0,0,0,0,0,0,0,0,0,0,0,0,0,0,0,0,0,0,0,0,0,0,0,0,0,0,0,0,0,0,0
43,2021-03-17,2958.12,2980.76,3013.95,2951.53,905650000.0,-0.006,890.07,900.19,911.04,890.07,2880000000.0,-0.006999999999999999,1135.91,1135.91,1145.6,1135.31,0.0009,2.15,1.53,0.8,0.08,0.615,0.61,0.615,0.61,0.0016,64151000.0,62950000.0,64237000.0,62950000.0,2100.0,0.0196,0,0,1,0,0,0,0,0,0,0,0,0,0,0,1,0,0,0,0,0,0,0,0,0,0,0,0,0,0,0,0,0,0,0,0,0,0,0,0,0,0,0,0,0,0,0,0,0,0,0,0,0,0,0
44,2021-03-18,3013.7,2964.3,3028.37,2964.3,1350000000.0,0.018799999999999997,908.01,890.97,908.01,890.97,2420000000.0,0.0202,1130.35,1136.91,1140.99,1128.9,-0.0049,2.18,1.54,0.78,0.08,0.616,0.61,0.616,0.61,0.0016,66103000.0,64206000.0,66103000.0,64206000.0,1740.0,0.0304,0,0,0,1,0,0,0,0,0,0,0,0,0,0,1,0,0,0,0,0,0,0,0,0,0,0,0,0,0,0,0,0,0,0,0,0,0,0,0,0,0,0,0,0,0,0,0,0,0,0,0,0,0,0
45,2021-03-19,3054.39,3030.73,3061.43,3030.73,1670000000.0,0.013500000000000002,925.49,910.41,925.9,910.41,2860000000.0,0.019299999999999998,1136.0,1130.85,1139.35,1127.27,0.005,2.31,1.64,0.85,0.09,0.614,0.615,0.615,0.612,-0.0032,66465000.0,66103000.0,66684000.0,66103000.0,1240.0,0.0055000000000000005,0,0,0,0,1,0,0,0,0,0,0,0,0,0,1,0,0,0,0,0,0,0,0,0,0,0,0,0,0,0,0,0,0,0,0,0,0,0,0,0,0,0,0,0,0,0,0,0,0,0,0,0,0,0
46,2021-03-22,3045.71,3057.06,3065.17,3036.14,1160000000.0,-0.0028000000000000004,926.9,926.04,929.69,921.71,2340000000.0,0.0015,1132.35,1136.5,1138.78,1130.92,-0.0032,2.27,1.62,0.84,0.08,0.614,0.61,0.614,0.61,0.0,64429000.0,68567000.0,68567000.0,63839000.0,1310.0,-0.0601,1,0,0,0,0,0,0,0,0,0,0,0,0,0,0,1,0,0,0,0,0,0,0,0,0,0,0,0,0,0,0,0,0,0,0,0,0,0,0,0,0,0,0,0,0,0,0,0,0,0,0,0,0,0
47,2021-03-23,3067.17,3049.23,3071.54,3049.23,1120000000.0,0.006999999999999999,940.65,928.17,941.0,928.17,3370000000.0,0.0148,1129.0,1132.85,1135.91,1128.14,-0.003,2.3,1.62,0.83,0.07,0.604,0.6,0.604,0.6,-0.0163,65997000.0,64432000.0,65997000.0,63078000.0,980.0,0.024300000000000002,0,1,0,0,0,0,0,0,0,0,0,0,0,0,0,1,0,0,0,0,0,0,0,0,0,0,0,0,0,0,0,0,0,0,0,0,0,0,0,0,0,0,0,0,0,0,0,0,0,0,0,0,0,0
48,2021-03-24,3047.5,3067.76,3069.57,3027.2,814990000.0,-0.0064,943.78,941.2,943.78,935.11,2760000000.0,0.0033,1121.21,1129.93,1134.31,1120.65,-0.0069,2.32,1.63,0.8,0.07,0.604,0.6,0.604,0.6,0.0,68346000.0,65998000.0,68346000.0,63726000.0,2170.0,0.0356,0,0,1,0,0,0,0,0,0,0,0,0,0,0,0,1,0,0,0,0,0,0,0,0,0,0,0,0,0,0,0,0,0,0,0,0,0,0,0,0,0,0,0,0,0,0,0,0,0,0,0,0,0,0
49,2021-03-25,3066.01,3054.93,3090.19,3054.93,1230000000.0,0.0060999999999999995,949.83,945.11,953.1,945.11,2060000000.0,0.0064,1127.75,1121.91,1131.3,1120.04,0.0058,2.36,1.71,0.86,0.08,0.602,0.6,0.602,0.6,-0.0033,66900000.0,68342000.0,68342000.0,66900000.0,1630.0,-0.0212,0,0,0,1,0,0,0,0,0,0,0,0,0,0,0,1,0,0,0,0,0,0,0,0,0,0,0,0,0,0,0,0,0,0,0,0,0,0,0,0,0,0,0,0,0,0,0,0,0,0,0,0,0,0
50,2021-03-26,3039.53,3063.01,3063.01,3022.49,1070000000.0000001,-0.0086,952.11,946.61,953.06,935.27,1660000000.0,0.0024,1129.12,1128.25,1134.8,1125.31,0.0012,2.36,1.74,0.9,0.07,0.602,0.6,0.602,0.6,0.0,67726000.0,66905000.0,67726000.0,66905000.0,850.0,0.0123,0,0,0,0,1,0,0,0,0,0,0,0,0,0,0,1,0,0,0,0,0,0,0,0,0,0,0,0,0,0,0,0,0,0,0,0,0,0,0,0,0,0,0,0,0,0,0,0,0,0,0,0,0,0
51,2021-03-29,3035.46,3040.01,3048.11,3019.6,915740000.0,-0.0013,955.38,953.04,957.52,948.77,1780000000.0,0.0034000000000000002,1126.0,1129.47,1134.01,1125.61,-0.0028000000000000004,2.29,1.69,0.87,0.06,0.601,0.6,0.601,0.6,-0.0017000000000000001,64453000.0,67103000.0,67306000.0,64453000.0,1740.0,-0.0394,1,0,0,0,0,0,0,0,0,0,0,0,0,0,0,0,1,0,0,0,0,0,0,0,0,0,0,0,0,0,0,0,0,0,0,0,0,0,0,0,0,0,0,0,0,0,0,0,0,0,0,0,0,0
52,2021-03-30,3004.74,3038.25,3058.79,3003.05,1330000000.0,-0.0101,946.31,956.1,962.65,945.97,2040000000.0,-0.0095,1132.9,1126.49,1134.48,1125.02,0.0060999999999999995,2.24,1.63,0.83,0.08,0.593,0.595,0.595,0.593,-0.013300000000000001,65314000.0,64452000.0,65654000.0,64452000.0,1090.0,0.0134,0,1,0,0,0,0,0,0,0,0,0,0,0,0,0,0,1,0,0,0,0,0,0,0,0,0,0,0,0,0,0,0,0,0,0,0,0,0,0,0,0,0,0,0,0,0,0,0,0,0,0,0,0,0
53,2021-03-31,2996.35,2996.32,3006.54,2971.04,978430000.0,-0.0028000000000000004,953.82,946.23,954.2,939.19,1730000000.0,0.0079,1134.9,1133.4,1135.96,1130.24,0.0018,2.21,1.62,0.83,0.07,0.593,0.595,0.595,0.593,0.0,64700000.0,65347000.0,66358000.0,64700000.0,1720.0,-0.009399999999999999,0,0,1,0,0,0,0,0,0,0,0,0,0,0,0,0,1,0,0,0,0,0,0,0,0,0,0,0,0,0,0,0,0,0,0,0,0,0,0,0,0,0,0,0,0,0,0,0,0,0,0,0,0,0
54,2021-04-01,3008.33,2995.67,3024.63,2987.83,940350000.0,0.004,954.99,953.26,955.24,948.34,1750000000.0,0.0012,1135.12,1135.4,1138.02,1131.93,0.0002,2.24,1.63,0.82,0.07,0.593,0.595,0.595,0.593,0.0,63066000.0,64700000.0,64700000.0,63066000.0,1110.0,-0.0253,0,0,0,1,0,0,0,0,0,0,0,0,0,0,0,0,1,0,0,0,0,0,0,0,0,0,0,0,0,0,0,0,0,0,0,0,0,0,0,0,0,0,0,0,0,0,0,0,0,0,0,0,0,0
55,2021-04-02,3041.01,3012.79,3041.86,3012.79,1040000000.0,0.0109,956.7,955.68,959.46,951.13,2130000000.0,0.0018,1128.52,1135.24,1136.09,1128.07,-0.0058,2.27,1.67,0.85,0.06,0.593,0.5920000000000001,0.593,0.5920000000000001,0.0,65601000.0,63146000.0,65601000.0,63146000.0,790.0,0.04019999999999999,0,0,0,0,1,0,0,0,0,0,0,0,0,0,0,0,1,0,0,0,0,0,0,0,0,0,0,0,0,0,0,0,0,0,0,0,0,0,0,0,0,0,0,0,0,0,0,0,0,0,0,0,0,0
56,2021-04-05,3036.04,3047.71,3054.21,3025.39,1290000000.0,-0.0016,954.1,956.88,961.73,952.22,2390000000.0,-0.0027,1131.56,1128.95,1136.41,1128.77,0.0027,2.32,1.73,0.89,0.06,0.593,0.5920000000000001,0.593,0.5920000000000001,0.0,68391000.0,67025000.0,68391000.0,66877000.0,1080.0,0.0202,1,0,0,0,0,0,0,0,0,0,0,0,0,0,0,0,0,1,0,0,0,0,0,0,0,0,0,0,0,0,0,0,0,0,0,0,0,0,0,0,0,0,0,0,0,0,0,0,0,0,0,0,0,0
57,2021-04-06,3070.0,3038.44,3074.57,3038.44,1020000000.0,0.011200000000000002,958.06,954.54,959.88,954.54,2029999999.9999998,0.0042,1132.59,1132.56,1136.29,1131.42,0.0009,2.29,1.73,0.9,0.06,0.596,0.597,0.597,0.596,0.0051,70470000.0,68407000.0,70470000.0,68407000.0,650.0,0.0304,0,1,0,0,0,0,0,0,0,0,0,0,0,0,0,0,0,1,0,0,0,0,0,0,0,0,0,0,0,0,0,0,0,0,0,0,0,0,0,0,0,0,0,0,0,0,0,0,0,0,0,0,0,0
58,2021-04-07,3061.42,3073.39,3093.89,3061.4,1150000000.0,-0.0028000000000000004,956.17,958.38,961.02,954.17,1850000000.0,-0.002,1127.17,1133.54,1134.68,1125.32,-0.0048,2.31,1.74,0.92,0.07,0.591,0.5920000000000001,0.5920000000000001,0.591,-0.0084,70974000.0,70455000.0,70974000.0,70455000.0,1150.0,0.0072,0,0,1,0,0,0,0,0,0,0,0,0,0,0,0,0,0,1,0,0,0,0,0,0,0,0,0,0,0,0,0,0,0,0,0,0,0,0,0,0,0,0,0,0,0,0,0,0,0,0,0,0,0,0
59,2021-04-08,3087.4,3073.77,3090.88,3069.68,922680000.0,0.0085,965.78,956.87,965.81,954.93,2009999999.9999998,0.0101,1128.72,1127.96,1133.82,1125.31,0.0014000000000000002,2.24,1.69,0.9,0.06,0.7559999999999999,0.757,0.757,0.7559999999999999,0.2792,72314000.0,71001000.0,72402000.0,71001000.0,1140.0,0.0189,0,0,0,1,0,0,0,0,0,0,0,0,0,0,0,0,0,1,0,0,0,0,0,0,0,0,0,0,0,0,0,0,0,0,0,0,0,0,0,0,0,0,0,0,0,0,0,0,0,0,0,0,0,0
60,2021-04-09,3112.8,3104.72,3121.58,3101.6,792700000.0,0.008199999999999999,970.09,967.56,971.17,966.34,2330000000.0,0.0045000000000000005,1128.64,1128.86,1130.38,1126.29,-0.0001,2.27,1.72,0.97,0.07,0.7509999999999999,0.75,0.7509999999999999,0.75,-0.0066,73697000.0,72292000.0,73697000.0,72292000.0,860.0,0.0191,0,0,0,0,1,0,0,0,0,0,0,0,0,0,0,0,0,1,0,0,0,0,0,0,0,0,0,0,0,0,0,0,0,0,0,0,0,0,0,0,0,0,0,0,0,0,0,0,0,0,0,0,0,0
61,2021-04-12,3120.83,3121.23,3127.2,3101.86,1080000000.0,0.0026,969.77,971.04,973.57,966.52,1930000000.0,-0.0003,1124.18,1129.69,1130.03,1122.45,-0.004,2.28,1.73,0.94,0.06,0.757,0.757,0.757,0.757,0.008,78300000.0,73924000.0,78300000.0,73924000.0,1710.0,0.0592,1,0,0,0,0,0,0,0,0,0,0,0,0,0,0,0,0,0,1,0,0,0,0,0,0,0,0,0,0,0,0,0,0,0,0,0,0,0,0,0,0,0,0,0,0,0,0,0,0,0,0,0,0,0
62,2021-04-13,3127.08,3123.8,3139.29,3110.19,1280000000.0,0.002,968.63,971.11,974.14,964.62,2410000000.0,-0.0012,1119.17,1125.04,1125.68,1116.57,-0.0045000000000000005,2.24,1.67,0.88,0.06,0.738,0.737,0.738,0.737,-0.025099999999999997,77792000.0,78300000.0,78300000.0,77792000.0,1340.0,-0.006500000000000001,0,1,0,0,0,0,0,0,0,0,0,0,0,0,0,0,0,0,1,0,0,0,0,0,0,0,0,0,0,0,0,0,0,0,0,0,0,0,0,0,0,0,0,0,0,0,0,0,0,0,0,0,0,0
63,2021-04-14,3137.41,3129.07,3146.19,3125.33,1980000000.0,0.0033,973.22,969.3,974.11,968.35,2040000000.0,0.004699999999999999,1119.03,1119.29,1120.36,1114.67,-0.0001,2.26,1.68,0.87,0.06,0.727,0.727,0.727,0.727,-0.0149,72914000.0,77793000.0,78550000.0,72914000.0,1290.0,-0.06269999999999999,0,0,1,0,0,0,0,0,0,0,0,0,0,0,0,0,0,0,1,0,0,0,0,0,0,0,0,0,0,0,0,0,0,0,0,0,0,0,0,0,0,0,0,0,0,0,0,0,0,0,0,0,0,0
64,2021-04-15,3143.26,3137.25,3145.81,3122.09,1360000000.0,0.0019,982.02,974.14,982.04,969.53,1910000000.0,0.009000000000000001,1115.83,1119.2,1121.56,1114.59,-0.0029,2.22,1.64,0.85,0.05,0.72,0.726,0.726,0.72,-0.0096,75183000.0,72980000.0,75183000.0,72391000.0,970.0,0.0311,0,0,0,1,0,0,0,0,0,0,0,0,0,0,0,0,0,0,1,0,0,0,0,0,0,0,0,0,0,0,0,0,0,0,0,0,0,0,0,0,0,0,0,0,0,0,0,0,0,0,0,0,0,0
65,2021-04-16,3131.88,3146.51,3156.04,3125.24,1820000000.0,-0.0036,989.39,983.4,991.17,983.4,1590000000.0,0.0075,1120.98,1116.75,1122.58,1113.15,0.0046,2.23,1.67,0.87,0.06,0.711,0.7120000000000001,0.7120000000000001,0.711,-0.0125,75642000.0,75132000.0,75642000.0,75132000.0,700.0,0.0060999999999999995,0,0,0,0,1,0,0,0,0,0,0,0,0,0,0,0,0,0,1,0,0,0,0,0,0,0,0,0,0,0,0,0,0,0,0,0,0,0,0,0,0,0,0,0,0,0,0,0,0,0,0,0,0,0
66,2021-04-19,3135.59,3134.88,3147.27,3127.91,1050000000.0,0.0012,1000.65,992.31,1000.78,990.32,1910000000.0,0.011399999999999999,1124.32,1121.77,1127.28,1120.29,0.003,2.24,1.69,0.89,0.06,0.711,0.71,0.711,0.71,0.0,77974000.0,78500000.0,78500000.0,77949000.0,630.0,-0.0070999999999999995,1,0,0,0,0,0,0,0,0,0,0,0,0,0,0,0,0,0,0,1,0,0,0,0,0,0,0,0,0,0,0,0,0,0,0,0,0,0,0,0,0,0,0,0,0,0,0,0,0,0,0,0,0,0
67,2021-04-20,3169.08,3138.21,3173.26,3136.99,1740000000.0,0.010700000000000001,1010.37,1001.0,1010.8,1001.0,3660000000.0,0.0097,1121.37,1125.23,1128.42,1120.38,-0.0026,2.21,1.64,0.85,0.06,0.7090000000000001,0.7070000000000001,0.7090000000000001,0.7070000000000001,-0.0028000000000000004,80661000.0,78009000.0,80661000.0,78009000.0,1390.0,0.0345,0,1,0,0,0,0,0,0,0,0,0,0,0,0,0,0,0,0,0,1,0,0,0,0,0,0,0,0,0,0,0,0,0,0,0,0,0,0,0,0,0,0,0,0,0,0,0,0,0,0,0,0,0,0
68,2021-04-21,3182.38,3169.95,3188.32,3162.12,1780000000.0,0.0042,1014.42,1011.35,1016.06,1009.34,3180000000.0,0.004,1116.08,1121.55,1123.91,1112.09,-0.004699999999999999,2.22,1.64,0.87,0.06,0.7070000000000001,0.7070000000000001,0.7070000000000001,0.7070000000000001,-0.0028000000000000004,80171000.0,80663000.0,80663000.0,80146000.0,1160.0,-0.0060999999999999995,0,0,1,0,0,0,0,0,0,0,0,0,0,0,0,0,0,0,0,1,0,0,0,0,0,0,0,0,0,0,0,0,0,0,0,0,0,0,0,0,0,0,0,0,0,0,0,0,0,0,0,0,0,0
69,2021-04-22,3194.33,3180.73,3204.48,3178.99,1310000000.0,0.0038,1013.9,1014.34,1014.72,1008.8,2620000000.0,-0.0005,1116.68,1116.26,1119.82,1113.01,0.0005,2.13,1.56,0.81,0.06,0.71,0.71,0.71,0.71,0.0042,79425000.0,80171000.0,80171000.0,79425000.0,930.0,-0.009300000000000001,0,0,0,1,0,0,0,0,0,0,0,0,0,0,0,0,0,0,0,1,0,0,0,0,0,0,0,0,0,0,0,0,0,0,0,0,0,0,0,0,0,0,0,0,0,0,0,0,0,0,0,0,0,0
70,2021-04-23,3198.62,3194.08,3206.76,3185.67,985280000.0,0.0013,1021.62,1015.71,1022.36,1014.4,2069999999.9999998,0.0076,1116.5,1116.85,1121.57,1113.06,-0.0002,2.15,1.59,0.84,0.06,0.71,0.71,0.71,0.71,0.0,79213000.0,79425000.0,79524000.0,79110000.0,1160.0,-0.0027,0,0,0,0,1,0,0,0,0,0,0,0,0,0,0,0,0,0,0,1,0,0,0,0,0,0,0,0,0,0,0,0,0,0,0,0,0,0,0,0,0,0,0,0,0,0,0,0,0,0,0,0,0,0
71,2021-04-26,3198.84,3201.11,3214.45,3193.4,1060000000.0,0.0001,1029.46,1022.06,1032.64,1020.58,2009999999.9999998,0.0077,1115.33,1117.05,1120.26,1112.94,-0.001,2.18,1.61,0.85,0.08,0.705,0.705,0.705,0.705,-0.006999999999999999,71001000.0,75810000.0,75810000.0,71001000.0,1850.0,-0.06309999999999999,1,0,0,0,0,0,0,0,0,0,0,0,0,0,0,0,0,0,0,0,1,0,0,0,0,0,0,0,0,0,0,0,0,0,0,0,0,0,0,0,0,0,0,0,0,0,0,0,0,0,0,0,0,0
72,2021-04-27,3220.7,3198.31,3220.82,3195.96,1300000000.0,0.0068000000000000005,1031.88,1029.18,1031.9,1025.48,1770000000.0,0.0024,1117.28,1115.51,1119.74,1110.29,0.0017000000000000001,2.16,1.58,0.81,0.07,0.705,0.705,0.705,0.705,0.0,70289000.0,71001000.0,71001000.0,69713000.0,1280.0,-0.01,0,1,0,0,0,0,0,0,0,0,0,0,0,0,0,0,0,0,0,0,1,0,0,0,0,0,0,0,0,0,0,0,0,0,0,0,0,0,0,0,0,0,0,0,0,0,0,0,0,0,0,0,0,0
73,2021-04-28,3171.66,3214.24,3214.24,3165.49,1770000000.0,-0.0152,1022.22,1031.26,1031.26,1019.59,2890000000.0,-0.009399999999999999,1116.35,1117.45,1121.61,1114.78,-0.0008,2.16,1.57,0.81,0.07,0.7,0.7,0.7,0.7,-0.0070999999999999995,67805000.0,70299000.0,70299000.0,67805000.0,1240.0,-0.0353,0,0,1,0,0,0,0,0,0,0,0,0,0,0,0,0,0,0,0,0,1,0,0,0,0,0,0,0,0,0,0,0,0,0,0,0,0,0,0,0,0,0,0,0,0,0,0,0,0,0,0,0,0,0
74,2021-04-29,3177.52,3174.52,3196.97,3174.52,1750000000.0,0.0018,1025.71,1023.65,1029.8,1023.43,4090000000.0,0.0034000000000000002,1118.79,1116.7,1121.69,1114.13,0.0022,2.13,1.57,0.81,0.06,0.7,0.7,0.7,0.7,0.0,59500000.0,67884000.0,67884000.0,59500000.0,3460.0,-0.1225,0,0,0,1,0,0,0,0,0,0,0,0,0,0,0,0,0,0,0,0,1,0,0,0,0,0,0,0,0,0,0,0,0,0,0,0,0,0,0,0,0,0,0,0,0,0,0,0,0,0,0,0,0,0
75,2021-04-30,3186.1,3173.47,3188.7,3146.54,2250000000.0,0.0027,1026.82,1024.29,1029.79,1018.87,4099999999.9999995,0.0011,1114.72,1120.18,1121.54,1113.94,-0.0036,2.14,1.58,0.83,0.07,0.7,0.7,0.7,0.7,0.0,61380000.0,59500000.0,61380000.0,57124000.0,2280.0,0.0316,0,0,0,0,1,0,0,0,0,0,0,0,0,0,0,0,0,0,0,0,1,0,0,0,0,0,0,0,0,0,0,0,0,0,0,0,0,0,0,0,0,0,0,0,0,0,0,0,0,0,0,0,0,0
76,2021-05-03,3217.53,3191.34,3217.53,3191.34,1300000000.0,0.009899999999999999,1030.06,1027.4,1030.6,1025.73,2930000000.0,0.0032,1110.27,1115.85,1116.95,1108.96,-0.004,2.13,1.58,0.85,0.06,0.7,0.7,0.7,0.7,0.0,64196000.0,59700000.0,64196000.0,59700000.0,1480.0,0.0754,1,0,0,0,0,0,0,0,0,0,0,0,0,0,0,0,0,0,0,0,0,1,0,0,0,0,0,0,0,0,0,0,0,0,0,0,0,0,0,0,0,0,0,0,0,0,0,0,0,0,0,0,0,0
77,2021-05-04,3215.42,3218.3,3223.05,3203.25,1530000000.0,-0.0007000000000000001,1021.01,1030.29,1031.95,1019.81,3410000000.0,-0.0088,1113.33,1110.44,1114.55,1108.27,0.0028000000000000004,2.18,1.63,0.88,0.06,0.7,0.7,0.7,0.7,0.0,64738000.0,64199000.0,64738000.0,64146000.0,880.0,0.0084,0,1,0,0,0,0,0,0,0,0,0,0,0,0,0,0,0,0,0,0,0,1,0,0,0,0,0,0,0,0,0,0,0,0,0,0,0,0,0,0,0,0,0,0,0,0,0,0,0,0,0,0,0,0
78,2021-05-06,3181.47,3217.21,3219.69,3176.55,1410000000.0,-0.0106,998.27,1021.13,1021.13,995.96,3240000000.0,-0.0223,1109.88,1113.43,1115.52,1108.31,-0.0031,2.19,1.63,0.86,0.05,0.718,0.7090000000000001,0.718,0.7090000000000001,0.025699999999999997,64116000.0,64767000.0,64767000.0,64064000.0,910.0,-0.0096,0,0,0,1,0,0,0,0,0,0,0,0,0,0,0,0,0,0,0,0,0,1,0,0,0,0,0,0,0,0,0,0,0,0,0,0,0,0,0,0,0,0,0,0,0,0,0,0,0,0,0,0,0,0
79,2021-05-07,3174.07,3184.75,3200.41,3161.06,1220000000.0,-0.0023,990.69,999.01,1004.57,983.73,1930000000.0,-0.0076,1107.63,1110.06,1111.17,1105.3,-0.002,2.2,1.65,0.86,0.05,0.705,0.705,0.705,0.705,-0.0181,63710000.0,64100000.0,64100000.0,63710000.0,920.0,-0.0063,0,0,0,0,1,0,0,0,0,0,0,0,0,0,0,0,0,0,0,0,0,1,0,0,0,0,0,0,0,0,0,0,0,0,0,0,0,0,0,0,0,0,0,0,0,0,0,0,0,0,0,0,0,0
80,2021-05-10,3147.86,3176.43,3179.43,3143.38,1360000000.0,-0.0083,983.45,991.08,995.74,975.66,1470000000.0,-0.0073,1117.16,1107.81,1119.45,1106.52,0.0086,2.19,1.65,0.86,0.05,0.705,0.705,0.705,0.705,0.0,68075000.0,63712000.0,68075000.0,63712000.0,1180.0,0.06849999999999999,1,0,0,0,0,0,0,0,0,0,0,0,0,0,0,0,0,0,0,0,0,0,1,0,0,0,0,0,0,0,0,0,0,0,0,0,0,0,0,0,0,0,0,0,0,0,0,0,0,0,0,0,0,0
81,2021-05-11,3127.2,3149.05,3174.26,3120.7,1040000000.0,-0.0066,961.81,982.97,986.2,961.3,1460000000.0,-0.022000000000000002,1120.34,1117.76,1124.94,1115.51,0.0028000000000000004,2.18,1.63,0.84,0.06,0.7,0.7,0.7,0.7,-0.0070999999999999995,69876000.0,68334000.0,69876000.0,68334000.0,1120.0,0.0225,0,1,0,0,0,0,0,0,0,0,0,0,0,0,0,0,0,0,0,0,0,0,1,0,0,0,0,0,0,0,0,0,0,0,0,0,0,0,0,0,0,0,0,0,0,0,0,0,0,0,0,0,0,0
82,2021-05-12,3147.37,3131.39,3147.38,3109.78,1280000000.0,0.0064,967.2,961.32,967.68,944.15,1550000000.0,0.005600000000000001,1125.77,1120.5,1128.92,1118.84,0.0048,2.16,1.61,0.82,0.06,0.69,0.69,0.69,0.69,-0.0143,66679000.0,69876000.0,70106000.0,66679000.0,1180.0,-0.0458,0,0,1,0,0,0,0,0,0,0,0,0,0,0,0,0,0,0,0,0,0,0,1,0,0,0,0,0,0,0,0,0,0,0,0,0,0,0,0,0,0,0,0,0,0,0,0,0,0,0,0,0,0,0
83,2021-05-13,3178.74,3147.72,3178.74,3133.64,1240000000.0,0.01,969.99,966.62,971.65,961.16,1140000000.0,0.0029,1120.28,1125.02,1127.02,1119.63,-0.0039000000000000003,2.14,1.58,0.81,0.05,0.67,0.67,0.67,0.67,-0.028999999999999998,68398000.0,68629000.0,69394000.0,68398000.0,2200.0,-0.0032,0,0,0,1,0,0,0,0,0,0,0,0,0,0,0,0,0,0,0,0,0,0,1,0,0,0,0,0,0,0,0,0,0,0,0,0,0,0,0,0,0,0,0,0,0,0,0,0,0,0,0,0,0,0
84,2021-05-14,3197.2,3179.63,3205.11,3179.63,989680000.0,0.0058,978.3,970.96,981.04,970.96,1270000000.0,0.0086,1111.23,1120.45,1123.67,1109.48,-0.008100000000000001,2.17,1.6,0.77,0.05,0.63,0.63,0.63,0.63,-0.059699999999999996,68647000.0,68398000.0,69122000.0,68398000.0,2000.0,0.0036,0,0,0,0,1,0,0,0,0,0,0,0,0,0,0,0,0,0,0,0,0,0,1,0,0,0,0,0,0,0,0,0,0,0,0,0,0,0,0,0,0,0,0,0,0,0,0,0,0,0,0,0,0,0
85,2021-05-17,3249.3,3201.46,3255.9,3201.46,1010000000.0,0.0163,992.8,979.38,993.06,979.38,1320000000.0,0.0148,1116.68,1112.97,1118.1,1110.49,0.0049,2.2,1.63,0.8,0.05,0.6609999999999999,0.662,0.662,0.6609999999999999,0.0492,70731000.0,71299000.0,71850000.0,70731000.0,1900.0,-0.0078000000000000005,1,0,0,0,0,0,0,0,0,0,0,0,0,0,0,0,0,0,0,0,0,0,0,1,0,0,0,0,0,0,0,0,0,0,0,0,0,0,0,0,0,0,0,0,0,0,0,0,0,0,0,0,0,0
86,2021-05-18,3209.43,3239.92,3239.92,3192.25,1100000000.0,-0.0123,978.61,991.41,991.41,974.1,1410000000.0,-0.0143,1119.58,1116.83,1122.39,1114.95,0.0026,2.23,1.64,0.8,0.05,0.659,0.675,0.675,0.659,-0.003,69550000.0,70728000.0,70728000.0,67843000.0,1130.0,-0.0167,0,1,0,0,0,0,0,0,0,0,0,0,0,0,0,0,0,0,0,0,0,0,0,1,0,0,0,0,0,0,0,0,0,0,0,0,0,0,0,0,0,0,0,0,0,0,0,0,0,0,0,0,0,0
87,2021-05-20,3161.66,3209.36,3212.83,3138.04,1420000000.0,-0.0149,967.1,978.27,979.99,958.57,1970000000.0,-0.0118,1132.73,1119.67,1133.94,1118.74,0.011699999999999999,2.29,1.69,0.87,0.05,0.6609999999999999,0.6609999999999999,0.6609999999999999,0.6609999999999999,0.003,61088000.0,69552000.0,69552000.0,61088000.0,3550.0,-0.1217,0,0,0,1,0,0,0,0,0,0,0,0,0,0,0,0,0,0,0,0,0,0,0,1,0,0,0,0,0,0,0,0,0,0,0,0,0,0,0,0,0,0,0,0,0,0,0,0,0,0,0,0,0,0
88,2021-05-21,3122.11,3146.97,3161.93,3103.88,1100000000.0,-0.0125,951.77,963.31,965.27,948.04,1450000000.0,-0.0159,1126.73,1132.92,1136.13,1126.17,-0.0053,2.28,1.66,0.84,0.05,0.662,0.662,0.662,0.662,0.0015,62879000.0,61103000.0,62879000.0,61103000.0,1580.0,0.029300000000000003,0,0,0,0,1,0,0,0,0,0,0,0,0,0,0,0,0,0,0,0,0,0,0,1,0,0,0,0,0,0,0,0,0,0,0,0,0,0,0,0,0,0,0,0,0,0,0,0,0,0,0,0,0,0
89,2021-05-24,3153.32,3131.35,3162.31,3131.35,836400000.0,0.01,966.72,953.91,967.18,953.91,1560000000.0,0.015700000000000002,1125.79,1126.89,1131.31,1125.23,-0.0008,2.25,1.63,0.82,0.06,0.6629999999999999,0.6629999999999999,0.6629999999999999,0.6629999999999999,0.0015,61526000.0,62879000.0,62879000.0,61526000.0,1130.0,-0.0215,1,0,0,0,0,0,0,0,0,0,0,0,0,0,0,0,0,0,0,0,0,0,0,0,1,0,0,0,0,0,0,0,0,0,0,0,0,0,0,0,0,0,0,0,0,0,0,0,0,0,0,0,0,0
90,2021-05-25,3134.52,3163.21,3173.01,3121.32,771310000.0,-0.006,962.5,968.02,973.35,958.64,1460000000.0,-0.0044,1136.73,1126.52,1139.74,1125.95,0.0097,2.27,1.64,0.84,0.06,0.652,0.652,0.652,0.652,-0.0060999999999999995,54050000.0,57483000.0,57483000.0,54050000.0,1830.0,-0.060599999999999994,0,1,0,0,0,0,0,0,0,0,0,0,0,0,0,0,0,0,0,0,0,0,0,0,1,0,0,0,0,0,0,0,0,0,0,0,0,0,0,0,0,0,0,0,0,0,0,0,0,0,0,0,0,0
91,2021-05-26,3173.05,3135.38,3176.4,3135.38,786140000.0,0.0123,969.1,962.83,969.79,959.98,1420000000.0,0.0069,1126.93,1136.91,1139.74,1125.64,-0.0086,2.27,1.64,0.83,0.06,0.652,0.652,0.652,0.652,0.0,53153000.0,54062000.0,54062000.0,53153000.0,1650.0,-0.0166,0,0,1,0,0,0,0,0,0,0,0,0,0,0,0,0,0,0,0,0,0,0,0,0,1,0,0,0,0,0,0,0,0,0,0,0,0,0,0,0,0,0,0,0,0,0,0,0,0,0,0,0,0,0
92,2021-05-27,3162.28,3174.53,3174.53,3140.48,774250000.0,-0.0034000000000000002,971.13,968.35,971.62,962.78,1530000000.0,0.0021,1127.66,1131.35,1134.41,1127.17,-0.0031,2.25,1.63,0.83,0.05,0.6559999999999999,0.665,0.665,0.6559999999999999,0.0060999999999999995,51450000.0,50282000.0,51450000.0,49290000.0,950.0,0.0232,0,0,0,1,0,0,0,0,0,0,0,0,0,0,0,0,0,0,0,0,0,0,0,0,1,0,0,0,0,0,0,0,0,0,0,0,0,0,0,0,0,0,0,0,0,0,0,0,0,0,0,0,0,0
93,2021-05-28,3156.42,3171.91,3198.01,3149.46,797260000.0,-0.0019,965.63,972.3,979.37,965.55,1530000000.0,-0.005699999999999999,1127.63,1127.99,1129.36,1122.24,-0.0,2.24,1.63,0.84,0.04,0.645,0.645,0.645,0.645,-0.0168,48930000.0,51214000.0,51214000.0,48930000.0,3160.0,-0.049,0,0,0,0,1,0,0,0,0,0,0,0,0,0,0,0,0,0,0,0,0,0,0,0,1,0,0,0,0,0,0,0,0,0,0,0,0,0,0,0,0,0,0,0,0,0,0,0,0,0,0,0,0,0
94,2021-05-31,3144.3,3155.91,3163.27,3137.81,587970000.0,-0.0038,948.37,965.23,965.23,948.37,1540000000.0,-0.0179,1123.48,1127.86,1129.6,1122.8,-0.0037,2.22,1.61,0.82,0.04,0.644,0.645,0.645,0.643,-0.0016,47100000.0,42499000.0,47100000.0,42499000.0,2170.0,0.109,1,0,0,0,0,0,0,0,0,0,0,0,0,0,0,0,0,0,0,0,0,0,0,0,0,1,0,0,0,0,0,0,0,0,0,0,0,0,0,0,0,0,0,0,0,0,0,0,0,0,0,0,0,0
95,2021-06-01,3171.32,3152.93,3173.1,3148.3,612980000.0,0.0086,962.07,949.78,963.4,949.78,1680000000.0,0.0144,1122.36,1123.6,1126.55,1120.35,-0.001,2.16,1.56,0.79,0.04,0.652,0.652,0.652,0.652,0.0124,46984000.0,47233000.0,47233000.0,46902000.0,1450.0,-0.0025,0,1,0,0,0,0,0,0,0,0,0,0,0,0,0,0,0,0,0,0,0,0,0,0,0,1,0,0,0,0,0,0,0,0,0,0,0,0,0,0,0,0,0,0,0,0,0,0,0,0,0,0,0,0
96,2021-06-02,3168.43,3171.91,3183.97,3160.3,1270000000.0,-0.0009,966.06,962.69,967.49,962.69,1940000000.0,0.0040999999999999995,1116.61,1122.54,1123.49,1114.67,-0.0051,2.17,1.58,0.8,0.04,0.662,0.665,0.665,0.662,0.015300000000000001,47285000.0,47013000.0,48620000.0,47013000.0,1130.0,0.0064,0,0,1,0,0,0,0,0,0,0,0,0,0,0,0,0,0,0,0,0,0,0,0,0,0,1,0,0,0,0,0,0,0,0,0,0,0,0,0,0,0,0,0,0,0,0,0,0,0,0,0,0,0,0
97,2021-06-03,3165.51,3170.84,3173.86,3142.37,1080000000.0,-0.0009,974.08,967.01,974.29,960.64,1850000000.0,0.0083,1118.55,1116.79,1120.32,1115.07,0.0017000000000000001,2.2,1.61,0.81,0.04,0.655,0.655,0.655,0.655,-0.0106,46514000.0,47285000.0,47311000.0,46514000.0,1130.0,-0.0163,0,0,0,1,0,0,0,0,0,0,0,0,0,0,0,0,0,0,0,0,0,0,0,0,0,1,0,0,0,0,0,0,0,0,0,0,0,0,0,0,0,0,0,0,0,0,0,0,0,0,0,0,0,0
98,2021-06-04,3188.73,3172.09,3198.66,3171.85,966370000.0,0.0073,977.46,974.55,979.59,973.76,1580000000.0,0.0034999999999999996,1113.08,1118.72,1119.35,1112.86,-0.0049,2.18,1.58,0.79,0.05,0.7,0.7,0.7,0.7,0.0687,43641000.0,46483000.0,46483000.0,43641000.0,1780.0,-0.061799999999999994,0,0,0,0,1,0,0,0,0,0,0,0,0,0,0,0,0,0,0,0,0,0,0,0,0,1,0,0,0,0,0,0,0,0,0,0,0,0,0,0,0,0,0,0,0,0,0,0,0,0,0,0,0,0
99,2021-06-07,3203.92,3192.06,3204.29,3179.87,1120000000.0,0.0048,981.78,979.0,983.41,979.0,1640000000.0,0.0044,1106.58,1113.83,1117.42,1106.5,-0.0058,2.18,1.58,0.79,0.05,0.7559999999999999,0.755,0.7559999999999999,0.755,0.08,43675000.0,43143000.0,43675000.0,41933000.0,1040.0,0.0123,1,0,0,0,0,0,0,0,0,0,0,0,0,0,0,0,0,0,0,0,0,0,0,0,0,0,1,0,0,0,0,0,0,0,0,0,0,0,0,0,0,0,0,0,0,0,0,0,0,0,0,0,0,0
100,2021-06-08,3221.87,3207.12,3233.17,3199.18,1470000000.0,0.005600000000000001,984.59,982.25,984.61,979.13,1780000000.0,0.0029,1108.38,1108.08,1110.59,1104.69,0.0016,2.22,1.62,0.81,0.04,0.755,0.755,0.755,0.755,-0.0013,43208000.0,43659000.0,43659000.0,43208000.0,1030.0,-0.010700000000000001,0,1,0,0,0,0,0,0,0,0,0,0,0,0,0,0,0,0,0,0,0,0,0,0,0,0,1,0,0,0,0,0,0,0,0,0,0,0,0,0,0,0,0,0,0,0,0,0,0,0,0,0,0,0
101,2021-06-09,3224.23,3224.4,3241.07,3216.1,1500000000.0,0.0007000000000000001,981.1,985.5,986.0,977.74,1610000000.0,-0.0034999999999999996,1110.92,1108.49,1114.81,1106.78,0.0023,2.21,1.59,0.8,0.05,0.75,0.75,0.75,0.75,-0.0066,43720000.0,43208000.0,43720000.0,43198000.0,900.0,0.0118,0,0,1,0,0,0,0,0,0,0,0,0,0,0,0,0,0,0,0,0,0,0,0,0,0,0,1,0,0,0,0,0,0,0,0,0,0,0,0,0,0,0,0,0,0,0,0,0,0,0,0,0,0,0
102,2021-06-10,3247.43,3224.96,3258.5,3224.96,1580000000.0,0.0072,990.19,981.52,992.01,981.52,1700000000.0,0.009300000000000001,1116.46,1111.1,1118.82,1108.86,0.005,2.22,1.63,0.84,0.04,0.75,0.75,0.75,0.75,0.0,45440000.0,43720000.0,45440000.0,43720000.0,860.0,0.0393,0,0,0,1,0,0,0,0,0,0,0,0,0,0,0,0,0,0,0,0,0,0,0,0,0,0,1,0,0,0,0,0,0,0,0,0,0,0,0,0,0,0,0,0,0,0,0,0,0,0,0,0,0,0
103,2021-06-11,3240.08,3246.17,3246.19,3218.67,1390000000.0,-0.0023,987.58,990.16,990.16,983.02,2150000000.0,-0.0026,1110.52,1116.64,1119.51,1108.77,-0.0053,2.16,1.56,0.78,0.05,0.76,0.76,0.76,0.76,0.013300000000000001,42973000.0,45487000.0,45487000.0,42973000.0,680.0,-0.054299999999999994,0,0,0,0,1,0,0,0,0,0,0,0,0,0,0,0,0,0,0,0,0,0,0,0,0,0,1,0,0,0,0,0,0,0,0,0,0,0,0,0,0,0,0,0,0,0,0,0,0,0,0,0,0,0
104,2021-06-14,3252.12,3244.59,3264.41,3233.4,1730000000.0,0.0037,985.86,989.16,993.06,982.14,1950000000.0,-0.0017000000000000001,1110.62,1110.68,1114.53,1109.07,0.0001,2.17,1.57,0.79,0.05,0.76,0.76,0.76,0.76,0.0,38953000.0,41773000.0,41773000.0,38953000.0,2700.0,-0.0677,1,0,0,0,0,0,0,0,0,0,0,0,0,0,0,0,0,0,0,0,0,0,0,0,0,0,0,1,0,0,0,0,0,0,0,0,0,0,0,0,0,0,0,0,0,0,0,0,0,0,0,0,0,0
105,2021-06-15,3247.83,3251.83,3264.67,3242.56,1950000000.0,-0.0013,986.12,986.43,988.35,982.75,1870000000.0,0.0003,1117.72,1110.8,1118.81,1108.99,0.0064,2.13,1.53,0.77,0.05,0.76,0.76,0.76,0.76,0.0,38531000.0,38953000.0,38953000.0,38531000.0,1240.0,-0.0108,0,1,0,0,0,0,0,0,0,0,0,0,0,0,0,0,0,0,0,0,0,0,0,0,0,0,0,1,0,0,0,0,0,0,0,0,0,0,0,0,0,0,0,0,0,0,0,0,0,0,0,0,0,0
106,2021-06-16,3216.18,3245.08,3246.49,3216.18,1960000000.0,-0.0097,978.79,986.59,989.15,978.79,1690000000.0,-0.0074,1115.61,1117.72,1119.02,1112.3,-0.0019,2.1,1.5,0.75,0.05,0.765,0.765,0.765,0.765,0.0066,43259000.0,38531000.0,43259000.0,38531000.0,2660.0,0.12269999999999999,0,0,1,0,0,0,0,0,0,0,0,0,0,0,0,0,0,0,0,0,0,0,0,0,0,0,0,1,0,0,0,0,0,0,0,0,0,0,0,0,0,0,0,0,0,0,0,0,0,0,0,0,0,0
107,2021-06-17,3224.64,3216.94,3235.39,3210.31,1900000000.0,0.0026,987.77,979.52,993.08,979.47,1820000000.0,0.0092,1112.32,1117.03,1119.26,1111.93,-0.0029,2.07,1.45,0.73,0.05,0.785,0.785,0.785,0.785,0.026099999999999998,42761000.0,43232000.0,43232000.0,42477000.0,1570.0,-0.0115,0,0,0,1,0,0,0,0,0,0,0,0,0,0,0,0,0,0,0,0,0,0,0,0,0,0,0,1,0,0,0,0,0,0,0,0,0,0,0,0,0,0,0,0,0,0,0,0,0,0,0,0,0,0
108,2021-06-18,3249.32,3226.98,3251.58,3226.98,1650000000.0,0.0077,991.13,989.39,993.9,989.15,1550000000.0,0.0034000000000000002,1116.4,1112.56,1118.54,1109.25,0.0037,2.08,1.47,0.76,0.05,0.823,0.825,0.825,0.823,0.0484,43574000.0,42785000.0,43574000.0,42785000.0,1090.0,0.019,0,0,0,0,1,0,0,0,0,0,0,0,0,0,0,0,0,0,0,0,0,0,0,0,0,0,0,1,0,0,0,0,0,0,0,0,0,0,0,0,0,0,0,0,0,0,0,0,0,0,0,0,0,0
109,2021-06-21,3252.13,3249.6,3254.49,3238.51,1660000000.0,0.0009,997.41,992.8,998.85,991.93,1410000000.0,0.0063,1116.33,1116.55,1120.05,1114.45,-0.0001,2.12,1.51,0.8,0.05,0.851,0.85,0.851,0.85,0.034,46563000.0,44791000.0,46563000.0,44791000.0,1290.0,0.0394,1,0,0,0,0,0,0,0,0,0,0,0,0,0,0,0,0,0,0,0,0,0,0,0,0,0,0,0,1,0,0,0,0,0,0,0,0,0,0,0,0,0,0,0,0,0,0,0,0,0,0,0,0,0
110,2021-06-22,3258.63,3253.17,3262.8,3247.9,1730000000.0,0.002,997.37,998.05,999.53,993.64,1640000000.0,-0.0,1117.09,1117.33,1119.39,1116.14,0.0007000000000000001,2.12,1.51,0.79,0.08,0.883,0.88,0.883,0.88,0.037599999999999995,46373000.0,46548000.0,46548000.0,46150000.0,1150.0,-0.0040999999999999995,0,1,0,0,0,0,0,0,0,0,0,0,0,0,0,0,0,0,0,0,0,0,0,0,0,0,0,0,1,0,0,0,0,0,0,0,0,0,0,0,0,0,0,0,0,0,0,0,0,0,0,0,0,0
111,2021-06-23,3278.68,3259.06,3281.96,3256.68,2350000000.0,0.0062,998.49,997.68,1000.43,995.35,1440000000.0,0.0011,1132.68,1118.09,1137.17,1115.74,0.013999999999999999,2.13,1.57,0.89,0.08,0.895,0.897,0.897,0.895,0.013600000000000001,45234000.0,46375000.0,46375000.0,45151000.0,2050.0,-0.0246,0,0,1,0,0,0,0,0,0,0,0,0,0,0,0,0,0,0,0,0,0,0,0,0,0,0,0,0,1,0,0,0,0,0,0,0,0,0,0,0,0,0,0,0,0,0,0,0,0,0,0,0,0,0
112,2021-06-24,3264.96,3276.2,3276.2,3251.32,1850000000.0,-0.0042,1003.72,998.27,1004.7,994.76,1880000000.0,0.0052,1134.3,1132.84,1137.0,1127.35,0.0014000000000000002,2.05,1.52,0.9,0.08,0.895,0.895,0.895,0.895,0.0,44769000.0,45234000.0,45800000.0,44769000.0,1070.0,-0.0103,0,0,0,1,0,0,0,0,0,0,0,0,0,0,0,0,0,0,0,0,0,0,0,0,0,0,0,0,1,0,0,0,0,0,0,0,0,0,0,0,0,0,0,0,0,0,0,0,0,0,0,0,0,0
113,2021-06-25,3267.93,3265.68,3275.76,3262.58,1630000000.0,0.0009,1015.88,1004.57,1016.33,1004.57,1850000000.0,0.0121,1134.94,1134.47,1138.14,1128.06,0.0006,1.97,1.45,0.89,0.09,0.875,0.875,0.875,0.875,-0.0223,42523000.0,44769000.0,44769000.0,42523000.0,1710.0,-0.050199999999999995,0,0,0,0,1,0,0,0,0,0,0,0,0,0,0,0,0,0,0,0,0,0,0,0,0,0,0,0,1,0,0,0,0,0,0,0,0,0,0,0,0,0,0,0,0,0,0,0,0,0,0,0,0,0
114,2021-06-28,3240.79,3264.18,3264.18,3225.56,1510000000.0,-0.0083,1010.99,1014.59,1014.59,1006.83,1510000000.0,-0.0048,1131.4,1135.24,1139.47,1130.91,-0.0031,2.05,1.5,0.9,0.09,0.885,0.885,0.885,0.885,0.011399999999999999,37264000.0,41856000.0,41856000.0,37264000.0,2060.0,-0.1097,1,0,0,0,0,0,0,0,0,0,0,0,0,0,0,0,0,0,0,0,0,0,0,0,0,0,0,0,0,1,0,0,0,0,0,0,0,0,0,0,0,0,0,0,0,0,0,0,0,0,0,0,0,0
115,2021-06-29,3263.88,3245.79,3267.63,3245.79,1670000000.0,0.0070999999999999995,1011.56,1012.01,1016.7,1008.11,1610000000.0,0.0006,1133.57,1131.57,1138.81,1130.35,0.0019,2.03,1.48,0.87,0.09,0.868,0.87,0.87,0.867,-0.0192,37826000.0,37260000.0,37826000.0,36670000.0,3470.0,0.0151,0,1,0,0,0,0,0,0,0,0,0,0,0,0,0,0,0,0,0,0,0,0,0,0,0,0,0,0,0,1,0,0,0,0,0,0,0,0,0,0,0,0,0,0,0,0,0,0,0,0,0,0,0,0
116,2021-06-30,3276.19,3265.73,3281.88,3263.07,1070000000.0000001,0.0038,1016.46,1012.78,1020.85,1012.78,1860000000.0,0.0048,1135.85,1133.73,1138.63,1131.17,0.002,2.04,1.5,0.9,0.08,0.861,0.86,0.861,0.86,-0.008100000000000001,39079000.0,37826000.0,39916000.0,37826000.0,1500.0,0.0331,0,0,1,0,0,0,0,0,0,0,0,0,0,0,0,0,0,0,0,0,0,0,0,0,0,0,0,0,0,1,0,0,0,0,0,0,0,0,0,0,0,0,0,0,0,0,0,0,0,0,0,0,0,0
117,2021-07-01,3286.1,3281.47,3292.27,3277.85,1300000000.0,0.003,1012.62,1017.11,1019.35,1010.18,1860000000.0,-0.0038,1130.78,1136.03,1138.69,1129.97,-0.0045000000000000005,2.03,1.49,0.9,0.08,0.88,0.88,0.88,0.88,0.022099999999999998,40177000.0,39079000.0,40177000.0,39079000.0,1420.0,0.0281,0,0,0,1,0,0,0,0,0,0,0,0,0,0,0,0,0,0,0,0,0,0,0,0,0,0,0,0,0,1,0,0,0,0,0,0,0,0,0,0,0,0,0,0,0,0,0,0,0,0,0,0,0,0
118,2021-07-02,3302.84,3289.18,3316.08,3289.18,1200000000.0,0.0051,1012.13,1013.97,1018.98,1011.31,1340000000.0,-0.0005,1127.12,1131.87,1133.1,1124.1,-0.0032,2.09,1.54,0.92,0.09,0.9329999999999999,0.93,0.9329999999999999,0.93,0.0602,37101000.0,40177000.0,40177000.0,37101000.0,1810.0,-0.0766,0,0,0,0,1,0,0,0,0,0,0,0,0,0,0,0,0,0,0,0,0,0,0,0,0,0,0,0,0,1,0,0,0,0,0,0,0,0,0,0,0,0,0,0,0,0,0,0,0,0,0,0,0,0
119,2021-07-05,3301.89,3305.46,3311.69,3291.3,1430000000.0,-0.0003,1017.91,1013.47,1018.76,1013.47,1590000000.0,0.005699999999999999,1130.04,1127.34,1132.68,1126.58,0.0026,2.04,1.49,0.9,0.08,0.965,0.965,0.965,0.965,0.034300000000000004,39997000.0,39994000.0,39997000.0,39541000.0,880.0,0.0005,1,0,0,0,0,0,0,0,0,0,0,0,0,0,0,0,0,0,0,0,0,0,0,0,0,0,0,0,0,0,1,0,0,0,0,0,0,0,0,0,0,0,0,0,0,0,0,0,0,0,0,0,0,0
120,2021-07-06,3286.68,3305.26,3305.42,3276.63,1210000000.0,-0.0046,1022.52,1019.64,1026.83,1019.28,2060000000.0,0.0045000000000000005,1131.62,1130.21,1134.77,1127.65,0.0014000000000000002,2.03,1.49,0.89,0.08,0.958,0.96,0.96,0.9570000000000001,-0.0073,41482000.0,39997000.0,41980000.0,39997000.0,920.0,0.0371,0,1,0,0,0,0,0,0,0,0,0,0,0,0,0,0,0,0,0,0,0,0,0,0,0,0,0,0,0,0,1,0,0,0,0,0,0,0,0,0,0,0,0,0,0,0,0,0,0,0,0,0,0,0
121,2021-07-07,3296.68,3288.63,3305.73,3288.63,1610000000.0,0.003,1029.96,1023.74,1030.94,1023.74,2089999999.9999998,0.0073,1130.48,1131.8,1132.89,1125.59,-0.001,2.0,1.45,0.87,0.07,0.9540000000000001,0.955,0.955,0.9540000000000001,-0.0042,40685000.0,41535000.0,41535000.0,40610000.0,1020.0,-0.0192,0,0,1,0,0,0,0,0,0,0,0,0,0,0,0,0,0,0,0,0,0,0,0,0,0,0,0,0,0,0,1,0,0,0,0,0,0,0,0,0,0,0,0,0,0,0,0,0,0,0,0,0,0,0
122,2021-07-08,3282.06,3297.92,3300.12,3278.1,1160000000.0,-0.0044,1035.64,1030.48,1036.47,1028.48,1690000000.0,0.0055000000000000005,1134.33,1130.63,1135.98,1128.28,0.0034000000000000002,2.01,1.48,0.89,0.09,0.95,0.951,0.951,0.95,-0.0042,39335000.0,40705000.0,40705000.0,38941000.0,730.0,-0.0332,0,0,0,1,0,0,0,0,0,0,0,0,0,0,0,0,0,0,0,0,0,0,0,0,0,0,0,0,0,0,1,0,0,0,0,0,0,0,0,0,0,0,0,0,0,0,0,0,0,0,0,0,0,0
123,2021-07-09,3281.78,3282.81,3295.68,3278.19,1020000000.0,-0.0001,1038.18,1036.28,1038.54,1033.94,1690000000.0,0.0025,1130.53,1134.51,1138.6,1129.6,-0.0033,1.98,1.44,0.86,0.08,0.948,0.948,0.9490000000000001,0.948,-0.0021,39417000.0,39335000.0,39417000.0,39335000.0,520.0,0.0021,0,0,0,0,1,0,0,0,0,0,0,0,0,0,0,0,0,0,0,0,0,0,0,0,0,0,0,0,0,0,1,0,0,0,0,0,0,0,0,0,0,0,0,0,0,0,0,0,0,0,0,0,0,0
124,2021-07-12,3293.21,3285.29,3298.93,3285.29,850410000.0,0.0034999999999999996,1047.33,1039.79,1048.16,1039.79,1740000000.0,0.0088,1130.42,1130.77,1132.72,1128.13,-0.0001,1.98,1.44,0.86,0.08,0.9179999999999999,0.915,0.9179999999999999,0.915,-0.0275,39484000.0,40914000.0,40914000.0,39484000.0,700.0,-0.035,1,0,0,0,0,0,0,0,0,0,0,0,0,0,0,0,0,0,0,0,0,0,0,0,0,0,0,0,0,0,0,1,0,0,0,0,0,0,0,0,0,0,0,0,0,0,0,0,0,0,0,0,0,0
125,2021-07-13,3305.21,3295.44,3313.51,3295.44,1030000000.0,0.0036,1044.96,1047.6,1049.24,1043.51,1960000000.0,-0.0023,1136.75,1130.59,1139.97,1129.03,0.005600000000000001,1.92,1.37,0.81,0.07,0.909,0.907,0.909,0.907,-0.0098,39814000.0,39462000.0,40100000.0,39462000.0,40.0,0.0084,0,1,0,0,0,0,0,0,0,0,0,0,0,0,0,0,0,0,0,0,0,0,0,0,0,0,0,0,0,0,0,1,0,0,0,0,0,0,0,0,0,0,0,0,0,0,0,0,0,0,0,0,0,0
126,2021-07-14,3285.34,3303.59,3303.59,3277.66,1150000000.0,-0.006,1047.36,1045.0,1050.31,1042.42,1690000000.0,0.0023,1141.5,1136.93,1144.27,1135.03,0.0042,1.87,1.33,0.79,0.08,0.879,0.88,0.88,0.878,-0.033,39692000.0,39849000.0,40680000.0,39611000.0,680.0,-0.0031,0,0,1,0,0,0,0,0,0,0,0,0,0,0,0,0,0,0,0,0,0,0,0,0,0,0,0,0,0,0,0,1,0,0,0,0,0,0,0,0,0,0,0,0,0,0,0,0,0,0,0,0,0,0
127,2021-07-15,3252.68,3287.68,3295.71,3252.41,1520000000.0,-0.009899999999999999,1034.48,1047.96,1049.95,1028.14,1870000000.0,-0.0123,1146.59,1141.65,1151.69,1139.55,0.0045000000000000005,1.84,1.3,0.74,0.07,0.836,0.836,0.836,0.836,-0.0489,39022000.0,39699000.0,39793000.0,38142000.0,570.0,-0.0169,0,0,0,1,0,0,0,0,0,0,0,0,0,0,0,0,0,0,0,0,0,0,0,0,0,0,0,0,0,0,0,1,0,0,0,0,0,0,0,0,0,0,0,0,0,0,0,0,0,0,0,0,0,0
128,2021-07-16,3217.95,3245.52,3245.52,3188.8,1310000000.0,-0.010700000000000001,1028.93,1031.78,1031.78,1013.91,2190000000.0,-0.0054,1143.73,1146.81,1150.52,1143.18,-0.0025,1.91,1.37,0.79,0.08,0.848,0.85,0.85,0.848,0.0144,39825000.0,38968000.0,40050000.0,38161000.0,430.0,0.0206,0,0,0,0,1,0,0,0,0,0,0,0,0,0,0,0,0,0,0,0,0,0,0,0,0,0,0,0,0,0,0,1,0,0,0,0,0,0,0,0,0,0,0,0,0,0,0,0,0,0,0,0,0,0
129,2021-07-19,3246.47,3227.51,3251.45,3227.51,1140000000.0,0.0089,1034.64,1030.36,1037.01,1030.36,1720000000.0,0.0055000000000000005,1146.85,1145.31,1150.06,1144.18,0.0027,1.93,1.38,0.81,0.08,0.856,0.855,0.856,0.855,0.009399999999999999,39137000.0,40164000.0,40546000.0,38701000.0,650.0,-0.025099999999999997,1,0,0,0,0,0,0,0,0,0,0,0,0,0,0,0,0,0,0,0,0,0,0,0,0,0,0,0,0,0,0,0,1,0,0,0,0,0,0,0,0,0,0,0,0,0,0,0,0,0,0,0,0,0
130,2021-07-20,3271.38,3253.24,3273.9,3253.24,1150000000.0,0.0077,1043.31,1035.68,1044.64,1035.68,1710000000.0,0.0084,1149.94,1147.18,1152.9,1141.21,0.0027,1.96,1.42,0.85,0.08,0.86,0.86,0.86,0.86,0.004699999999999999,38753000.0,39137000.0,39288000.0,38201000.0,520.0,-0.0098,0,1,0,0,0,0,0,0,0,0,0,0,0,0,0,0,0,0,0,0,0,0,0,0,0,0,0,0,0,0,0,0,1,0,0,0,0,0,0,0,0,0,0,0,0,0,0,0,0,0,0,0,0,0
131,2021-07-21,3264.81,3270.09,3270.09,3250.45,908950000.0,-0.002,1044.98,1043.5,1045.45,1038.68,1710000000.0,0.0016,1144.22,1150.11,1152.27,1142.63,-0.005,1.91,1.37,0.8,0.08,0.8590000000000001,0.86,0.86,0.858,-0.0012,38602000.0,38753000.0,38982000.0,37475000.0,380.0,-0.0039000000000000003,0,0,1,0,0,0,0,0,0,0,0,0,0,0,0,0,0,0,0,0,0,0,0,0,0,0,0,0,0,0,0,0,1,0,0,0,0,0,0,0,0,0,0,0,0,0,0,0,0,0,0,0,0,0
132,2021-07-22,3286.22,3269.33,3286.58,3263.09,1170000000.0,0.0066,1054.31,1046.57,1055.82,1046.57,2060000000.0,0.0089,1141.59,1144.36,1148.31,1138.93,-0.0023,1.85,1.31,0.78,0.07,0.9229999999999999,0.93,0.93,0.9229999999999999,0.0745,37576000.0,38585000.0,39052000.0,37000000.0,560.0,-0.026600000000000002,0,0,0,1,0,0,0,0,0,0,0,0,0,0,0,0,0,0,0,0,0,0,0,0,0,0,0,0,0,0,0,0,1,0,0,0,0,0,0,0,0,0,0,0,0,0,0,0,0,0,0,0,0,0
133,2021-07-23,3276.91,3282.89,3282.89,3259.32,1070000000.0000001,-0.0028000000000000004,1051.98,1053.85,1053.95,1044.7,1730000000.0,-0.0022,1141.51,1141.77,1144.28,1137.99,-0.0001,1.86,1.31,0.79,0.08,0.9620000000000001,0.9620000000000001,0.973,0.96,0.042300000000000004,37101000.0,37576000.0,38030000.0,36689000.0,470.0,-0.0126,0,0,0,0,1,0,0,0,0,0,0,0,0,0,0,0,0,0,0,0,0,0,0,0,0,0,0,0,0,0,0,0,1,0,0,0,0,0,0,0,0,0,0,0,0,0,0,0,0,0,0,0,0,0
134,2021-07-26,3244.04,3258.87,3258.87,3236.39,1100000000.0,-0.01,1049.83,1049.51,1051.45,1046.9,1400000000.0,-0.002,1150.83,1142.5,1155.59,1141.85,0.008199999999999999,1.74,1.19,0.7,0.07,0.94,0.945,0.945,0.937,-0.0011,36711000.0,37620000.0,37690000.0,36398000.0,510.0,-0.0242,1,0,0,0,0,0,0,0,0,0,0,0,0,0,0,0,0,0,0,0,0,0,0,0,0,0,0,0,0,0,0,0,0,1,0,0,0,0,0,0,0,0,0,0,0,0,0,0,0,0,0,0,0,0
135,2021-07-27,3232.7,3223.24,3234.8,3214.42,979670000.0,-0.0034999999999999996,1043.64,1040.99,1049.2,1036.14,1650000000.0,-0.0059,1147.47,1151.92,1153.07,1146.55,-0.0029,1.79,1.23,0.69,0.08,0.9329999999999999,0.93,0.9329999999999999,0.93,-0.0074,35256000.0,36711000.0,36870000.0,34782000.0,500.0,-0.039599999999999996,0,1,0,0,0,0,0,0,0,0,0,0,0,0,0,0,0,0,0,0,0,0,0,0,0,0,0,0,0,0,0,0,0,1,0,0,0,0,0,0,0,0,0,0,0,0,0,0,0,0,0,0,0,0
136,2021-07-28,3215.91,3251.13,3252.25,3215.91,990330000.0,-0.0052,1042.03,1051.73,1051.95,1041.44,1320000000.0,-0.0015,1149.31,1148.46,1156.44,1147.07,0.0016,1.87,1.3,0.74,0.07,0.929,0.93,0.93,0.929,-0.0043,38010000.0,35256000.0,38446000.0,34917000.0,1160.0,0.0781,0,0,1,0,0,0,0,0,0,0,0,0,0,0,0,0,0,0,0,0,0,0,0,0,0,0,0,0,0,0,0,0,0,1,0,0,0,0,0,0,0,0,0,0,0,0,0,0,0,0,0,0,0,0
137,2021-07-29,3250.21,3235.17,3253.75,3235.17,712980000.0,0.010700000000000001,1050.25,1046.51,1051.94,1046.51,1620000000.0,0.0079,1150.55,1149.48,1153.12,1146.85,0.0011,1.82,1.27,0.71,0.07,0.929,0.927,0.929,0.927,0.0,37910000.0,38013000.0,38382000.0,37445000.0,400.0,-0.0026,0,0,0,1,0,0,0,0,0,0,0,0,0,0,0,0,0,0,0,0,0,0,0,0,0,0,0,0,0,0,0,0,0,1,0,0,0,0,0,0,0,0,0,0,0,0,0,0,0,0,0,0,0,0
138,2021-07-30,3254.42,3253.44,3264.01,3246.09,805050000.0,0.0013,1055.5,1053.01,1059.18,1053.01,1390000000.0,0.005,1151.52,1150.86,1155.41,1147.15,0.0008,1.85,1.3,0.72,0.07,0.9259999999999999,0.927,0.927,0.9259999999999999,-0.0032,39135000.0,37910000.0,39149000.0,37750000.0,770.0,0.0323,0,0,0,0,1,0,0,0,0,0,0,0,0,0,0,0,0,0,0,0,0,0,0,0,0,0,0,0,0,0,0,0,0,1,0,0,0,0,0,0,0,0,0,0,0,0,0,0,0,0,0,0,0,0
139,2021-08-02,3224.95,3265.99,3265.99,3224.95,826070000.0,-0.0091,1047.63,1059.91,1060.21,1045.27,1270000000.0,-0.0075,1152.54,1152.12,1157.24,1151.26,0.0009,1.85,1.29,0.73,0.08,0.9179999999999999,0.924,0.924,0.9179999999999999,-0.0086,43066000.0,41090000.0,46865000.0,40915000.0,2610.0,0.0484,1,0,0,0,0,0,0,0,0,0,0,0,0,0,0,0,0,0,0,0,0,0,0,0,0,0,0,0,0,0,0,0,0,0,1,0,0,0,0,0,0,0,0,0,0,0,0,0,0,0,0,0,0,0
140,2021-08-03,3232.53,3244.43,3252.85,3230.75,991940000.0,0.0024,1046.55,1050.87,1053.46,1045.66,1550000000.0,-0.001,1154.25,1152.71,1158.65,1148.86,0.0015,1.81,1.25,0.71,0.07,0.9209999999999999,0.9209999999999999,0.9209999999999999,0.9209999999999999,0.0033,45616000.0,43075000.0,45616000.0,42020000.0,820.0,0.0592,0,1,0,0,0,0,0,0,0,0,0,0,0,0,0,0,0,0,0,0,0,0,0,0,0,0,0,0,0,0,0,0,0,0,1,0,0,0,0,0,0,0,0,0,0,0,0,0,0,0,0,0,0,0
141,2021-08-04,3236.86,3226.06,3243.21,3210.9,868600000.0,0.0013,1035.68,1043.19,1048.78,1030.04,1420000000.0,-0.0104,1150.27,1154.44,1159.96,1149.24,-0.0034000000000000002,1.83,1.26,0.72,0.07,0.937,0.94,0.94,0.937,0.0174,46334000.0,45616000.0,47400000.0,45020000.0,800.0,0.015700000000000002,0,0,1,0,0,0,0,0,0,0,0,0,0,0,0,0,0,0,0,0,0,0,0,0,0,0,0,0,0,0,0,0,0,0,1,0,0,0,0,0,0,0,0,0,0,0,0,0,0,0,0,0,0,0
142,2021-08-05,3242.65,3248.49,3252.26,3232.5,694820000.0,0.0018,1044.13,1040.45,1044.79,1039.26,1210000000.0,0.008199999999999999,1143.12,1150.44,1152.12,1140.48,-0.0062,1.84,1.28,0.73,0.08,0.945,0.945,0.946,0.945,0.0085,45980000.0,46335000.0,46900000.0,45486000.0,530.0,-0.0076,0,0,0,1,0,0,0,0,0,0,0,0,0,0,0,0,0,0,0,0,0,0,0,0,0,0,0,0,0,0,0,0,0,0,1,0,0,0,0,0,0,0,0,0,0,0,0,0,0,0,0,0,0,0
143,2021-08-06,3202.32,3234.37,3234.66,3202.32,687860000.0,-0.0124,1031.14,1044.28,1044.36,1029.19,1340000000.0,-0.0124,1151.41,1143.3,1154.78,1142.04,0.0073,1.81,1.24,0.69,0.07,0.9390000000000001,0.937,0.9390000000000001,0.9359999999999999,-0.0063,48516000.0,45980000.0,48640000.0,44350000.0,1190.0,0.0552,0,0,0,0,1,0,0,0,0,0,0,0,0,0,0,0,0,0,0,0,0,0,0,0,0,0,0,0,0,0,0,0,0,0,1,0,0,0,0,0,0,0,0,0,0,0,0,0,0,0,0,0,0,0
144,2021-08-09,3223.04,3218.42,3223.04,3194.0,561000000.0,0.006500000000000001,1037.8,1033.17,1038.49,1029.26,1200000000.0,0.006500000000000001,1150.18,1151.9,1154.6,1148.52,-0.0011,1.77,1.2,0.66,0.07,0.9520000000000001,0.937,0.9520000000000001,0.9359999999999999,0.0138,45403000.0,46240000.0,46802000.0,45043000.0,600.0,-0.0181,1,0,0,0,0,0,0,0,0,0,0,0,0,0,0,0,0,0,0,0,0,0,0,0,0,0,0,0,0,0,0,0,0,0,0,1,0,0,0,0,0,0,0,0,0,0,0,0,0,0,0,0,0,0
145,2021-08-10,3237.14,3221.57,3237.14,3213.2,653510000.0,0.0044,1036.11,1038.91,1041.76,1029.05,1500000000.0,-0.0016,1148.44,1150.35,1153.91,1146.59,-0.0015,1.76,1.19,0.65,0.07,0.9570000000000001,0.9570000000000001,0.9570000000000001,0.956,0.0053,44859000.0,45403000.0,46158000.0,44326000.0,610.0,-0.012,0,1,0,0,0,0,0,0,0,0,0,0,0,0,0,0,0,0,0,0,0,0,0,0,0,0,0,0,0,0,0,0,0,0,0,1,0,0,0,0,0,0,0,0,0,0,0,0,0,0,0,0,0,0
146,2021-08-11,3280.38,3246.65,3283.14,3237.55,632240000.0,0.0134,1047.93,1038.96,1047.93,1035.98,1490000000.0,0.011399999999999999,1144.76,1148.63,1149.72,1140.02,-0.0032,1.74,1.19,0.67,0.07,0.958,0.9570000000000001,0.958,0.9570000000000001,0.001,45777000.0,44859000.0,46005000.0,43903000.0,690.0,0.020499999999999997,0,0,1,0,0,0,0,0,0,0,0,0,0,0,0,0,0,0,0,0,0,0,0,0,0,0,0,0,0,0,0,0,0,0,0,1,0,0,0,0,0,0,0,0,0,0,0,0,0,0,0,0,0,0
147,2021-08-12,3276.13,3283.25,3296.17,3273.33,680940000.0,-0.0013,1059.54,1050.45,1060.14,1050.32,1370000000.0,0.0111,1142.59,1144.94,1146.84,1140.62,-0.0019,1.77,1.23,0.72,0.08,0.975,0.975,0.976,0.975,0.0177,47132000.0,45772000.0,47700000.0,43739000.0,1460.0,0.0296,0,0,0,1,0,0,0,0,0,0,0,0,0,0,0,0,0,0,0,0,0,0,0,0,0,0,0,0,0,0,0,0,0,0,0,1,0,0,0,0,0,0,0,0,0,0,0,0,0,0,0,0,0,0
148,2021-08-13,3270.36,3277.06,3288.17,3261.93,941360000.0,-0.0018,1059.8,1061.32,1062.03,1055.64,1350000000.0,0.0002,1144.93,1142.94,1148.29,1140.15,0.002,1.85,1.31,0.77,0.09,0.99,0.99,0.99,0.99,0.0154,49332000.0,47112000.0,49891000.0,46150000.0,1540.0,0.0467,0,0,0,0,1,0,0,0,0,0,0,0,0,0,0,0,0,0,0,0,0,0,0,0,0,0,0,0,0,0,0,0,0,0,0,1,0,0,0,0,0,0,0,0,0,0,0,0,0,0,0,0,0,0
149,2021-08-17,3260.42,3258.1,3275.15,3251.74,707650000.0,-0.003,1060.0,1059.29,1061.78,1054.58,1350000000.0,0.0002,1146.89,1145.93,1148.86,1142.35,0.0017000000000000001,1.87,1.33,0.79,0.08,0.995,0.99,0.995,0.99,0.0051,53011000.0,50820000.0,53204000.0,49459000.0,1030.0,0.0444,0,1,0,0,0,0,0,0,0,0,0,0,0,0,0,0,0,0,0,0,0,0,0,0,0,0,0,0,0,0,0,0,0,0,0,0,1,0,0,0,0,0,0,0,0,0,0,0,0,0,0,0,0,0
150,2021-08-18,3243.19,3272.44,3272.44,3232.46,730350000.0,-0.0053,1052.07,1060.9,1060.9,1048.98,1690000000.0,-0.0075,1152.7,1147.07,1154.29,1145.78,0.0051,1.9,1.36,0.82,0.08,1.0090000000000001,1.0090000000000001,1.0090000000000001,1.0090000000000001,0.0141,52331000.0,53011000.0,53390000.0,51806000.0,750.0,-0.0128,0,0,1,0,0,0,0,0,0,0,0,0,0,0,0,0,0,0,0,0,0,0,0,0,0,0,0,0,0,0,0,0,0,0,0,0,1,0,0,0,0,0,0,0,0,0,0,0,0,0,0,0,0,0
151,2021-08-19,3220.62,3235.36,3250.21,3217.65,618090000.0,-0.006999999999999999,1051.92,1050.48,1057.03,1048.7,1310000000.0,-0.0001,1153.98,1152.9,1159.69,1151.89,0.0011,1.9,1.35,0.81,0.08,1.005,1.005,1.005,1.005,-0.004,52561000.0,52322000.0,53483000.0,52201000.0,920.0,0.0044,0,0,0,1,0,0,0,0,0,0,0,0,0,0,0,0,0,0,0,0,0,0,0,0,0,0,0,0,0,0,0,0,0,0,0,0,1,0,0,0,0,0,0,0,0,0,0,0,0,0,0,0,0,0
152,2021-08-20,3208.38,3213.58,3229.59,3202.11,643280000.0,-0.0038,1054.09,1054.16,1058.41,1052.21,1090000000.0,0.0021,1162.98,1154.16,1166.15,1152.96,0.0078000000000000005,1.92,1.36,0.83,0.09,1.005,1.005,1.005,1.005,0.0,52058000.0,52546000.0,53358000.0,51393000.0,650.0,-0.0096,0,0,0,0,1,0,0,0,0,0,0,0,0,0,0,0,0,0,0,0,0,0,0,0,0,0,0,0,0,0,0,0,0,0,0,0,1,0,0,0,0,0,0,0,0,0,0,0,0,0,0,0,0,0
153,2021-08-23,3171.29,3205.75,3209.72,3146.76,696470000.0,-0.0116,1040.78,1054.28,1054.46,1024.48,1370000000.0,-0.0126,1161.37,1163.16,1171.15,1160.38,-0.0014000000000000002,1.85,1.29,0.79,0.08,1.003,1.005,1.005,1.002,-0.002,55299000.0,52058000.0,55419000.0,51834000.0,1100.0,0.0623,1,0,0,0,0,0,0,0,0,0,0,0,0,0,0,0,0,0,0,0,0,0,0,0,0,0,0,0,0,0,0,0,0,0,0,0,0,1,0,0,0,0,0,0,0,0,0,0,0,0,0,0,0,0
154,2021-08-24,3143.09,3169.74,3179.49,3134.48,690840000.0,-0.0089,1011.05,1039.66,1039.66,1009.21,1180000000.0,-0.0286,1177.3,1165.45,1179.8,1164.6,0.0103,1.82,1.26,0.77,0.07,1.003,1.0,1.003,1.0,0.0,52536000.0,53835000.0,54641000.0,52364000.0,1290.0,-0.0241,0,1,0,0,0,0,0,0,0,0,0,0,0,0,0,0,0,0,0,0,0,0,0,0,0,0,0,0,0,0,0,0,0,0,0,0,0,1,0,0,0,0,0,0,0,0,0,0,0,0,0,0,0,0
155,2021-08-25,3158.93,3141.98,3175.88,3124.56,622790000.0,0.005,1021.08,1006.8,1022.09,999.26,1100000000.0,0.009899999999999999,1170.03,1177.44,1179.94,1166.89,-0.0062,1.84,1.27,0.79,0.07,1.0,1.0,1.0,1.0,-0.003,52705000.0,52553000.0,53700000.0,51802000.0,770.0,0.0032,0,0,1,0,0,0,0,0,0,0,0,0,0,0,0,0,0,0,0,0,0,0,0,0,0,0,0,0,0,0,0,0,0,0,0,0,0,1,0,0,0,0,0,0,0,0,0,0,0,0,0,0,0,0
156,2021-08-26,3097.83,3140.01,3158.0,3097.83,655630000.0,-0.019299999999999998,991.15,1013.93,1022.77,991.13,1400000000.0,-0.029300000000000003,1176.28,1170.28,1178.4,1169.66,0.0053,1.8,1.24,0.78,0.06,1.006,1.01,1.01,1.006,0.006,54941000.0,52689000.0,55000000.0,51856000.0,820.0,0.0424,0,0,0,1,0,0,0,0,0,0,0,0,0,0,0,0,0,0,0,0,0,0,0,0,0,0,0,0,0,0,0,0,0,0,0,0,0,1,0,0,0,0,0,0,0,0,0,0,0,0,0,0,0,0
157,2021-08-27,3060.51,3111.1,3122.09,3049.03,672090000.0,-0.012,967.9,997.02,1000.67,964.02,1270000000.0,-0.0235,1175.15,1176.46,1184.85,1171.21,-0.001,1.79,1.26,0.8,0.06,1.01,1.01,1.01,1.01,0.004,57646000.0,54940000.0,57934000.0,54746000.0,1200.0,0.0492,0,0,0,0,1,0,0,0,0,0,0,0,0,0,0,0,0,0,0,0,0,0,0,0,0,0,0,0,0,0,0,0,0,0,0,0,0,1,0,0,0,0,0,0,0,0,0,0,0,0,0,0,0,0
158,2021-08-30,3090.21,3086.81,3111.81,3064.65,570980000.0,0.0097,993.18,977.87,996.23,969.48,993510000.0,0.026099999999999998,1169.36,1175.24,1177.56,1167.43,-0.0049,1.79,1.25,0.78,0.07,1.025,1.003,1.025,1.003,0.0219,57725000.0,57665000.0,58705000.0,57398000.0,530.0,0.0007000000000000001,1,0,0,0,0,0,0,0,0,0,0,0,0,0,0,0,0,0,0,0,0,0,0,0,0,0,0,0,0,0,0,0,0,0,0,0,0,0,1,0,0,0,0,0,0,0,0,0,0,0,0,0,0,0
159,2021-08-31,3138.3,3119.7,3142.58,3115.23,586530000.0,0.015600000000000001,1013.18,1002.19,1015.09,1000.72,1330000000.0,0.020099999999999996,1163.65,1169.06,1171.57,1163.1,-0.0049,1.83,1.29,0.8,0.06,1.041,1.04,1.041,1.04,0.015600000000000001,56107000.0,57727000.0,57828000.0,55862000.0,940.0,-0.027999999999999997,0,1,0,0,0,0,0,0,0,0,0,0,0,0,0,0,0,0,0,0,0,0,0,0,0,0,0,0,0,0,0,0,0,0,0,0,0,0,1,0,0,0,0,0,0,0,0,0,0,0,0,0,0,0
160,2021-09-01,3146.81,3148.13,3161.0,3124.25,624690000.0,0.0027,1017.78,1017.96,1017.96,1006.98,1230000000.0,0.0045000000000000005,1163.87,1164.02,1169.37,1162.92,0.0002,1.88,1.35,0.84,0.07,1.056,1.041,1.057,1.041,0.0144,57154000.0,56107000.0,57339000.0,55145000.0,510.0,0.0187,0,0,1,0,0,0,0,0,0,0,0,0,0,0,0,0,0,0,0,0,0,0,0,0,0,0,0,0,0,0,0,0,0,0,0,0,0,0,1,0,0,0,0,0,0,0,0,0,0,0,0,0,0,0
161,2021-09-02,3128.53,3151.3,3159.37,3121.04,727720000.0,-0.0058,1020.44,1020.85,1026.26,1015.91,1080000000.0,0.0026,1170.53,1164.05,1172.01,1162.97,0.005699999999999999,1.87,1.34,0.84,0.07,1.056,1.06,1.06,1.056,0.0,55200000.0,57154000.0,57441000.0,54510000.0,460.0,-0.0342,0,0,0,1,0,0,0,0,0,0,0,0,0,0,0,0,0,0,0,0,0,0,0,0,0,0,0,0,0,0,0,0,0,0,0,0,0,0,1,0,0,0,0,0,0,0,0,0,0,0,0,0,0,0
162,2021-09-03,3133.9,3116.29,3143.01,3106.97,520669999.99999994,0.0017000000000000001,1023.51,1017.36,1027.26,1014.1,1300000000.0,0.003,1161.23,1170.71,1174.77,1160.89,-0.0079,1.84,1.31,0.79,0.07,1.056,1.055,1.057,1.055,0.0,57421000.0,55235000.0,57650000.0,54582000.0,480.0,0.04019999999999999,0,0,0,0,1,0,0,0,0,0,0,0,0,0,0,0,0,0,0,0,0,0,0,0,0,0,0,0,0,0,0,0,0,0,0,0,0,0,1,0,0,0,0,0,0,0,0,0,0,0,0,0,0,0
163,2021-09-06,3144.19,3160.87,3164.87,3132.77,602860000.0,0.0033,1031.84,1030.65,1035.77,1027.84,1180000000.0,0.008100000000000001,1164.34,1162.33,1167.71,1161.88,0.0027,1.82,1.29,0.77,0.08,1.051,1.05,1.052,1.05,-0.004699999999999999,55631000.0,57181000.0,57350000.0,55420000.0,580.0,-0.027200000000000002,1,0,0,0,0,0,0,0,0,0,0,0,0,0,0,0,0,0,0,0,0,0,0,0,0,0,0,0,0,0,0,0,0,0,0,0,0,0,0,1,0,0,0,0,0,0,0,0,0,0,0,0,0,0
164,2021-09-07,3199.27,3144.49,3199.89,3130.3,661220000.0,0.0175,1038.33,1032.77,1038.33,1026.36,1240000000.0,0.0063,1158.73,1166.07,1167.43,1155.18,-0.0048,1.85,1.3,0.77,0.07,1.046,1.045,1.046,1.045,-0.0048,55160000.0,55631000.0,56360000.0,54980000.0,610.0,-0.0085,0,1,0,0,0,0,0,0,0,0,0,0,0,0,0,0,0,0,0,0,0,0,0,0,0,0,0,0,0,0,0,0,0,0,0,0,0,0,0,1,0,0,0,0,0,0,0,0,0,0,0,0,0,0
165,2021-09-08,3207.02,3195.67,3215.13,3185.8,746710000.0,0.0024,1045.98,1038.09,1046.0,1035.09,1150000000.0,0.0074,1155.47,1158.95,1160.64,1154.54,-0.0028000000000000004,1.84,1.31,0.78,0.07,1.028,1.03,1.03,1.0270000000000001,-0.0172,56480000.0,55164000.0,56981000.0,54467000.0,670.0,0.0239,0,0,1,0,0,0,0,0,0,0,0,0,0,0,0,0,0,0,0,0,0,0,0,0,0,0,0,0,0,0,0,0,0,0,0,0,0,0,0,1,0,0,0,0,0,0,0,0,0,0,0,0,0,0
166,2021-09-09,3175.85,3198.03,3204.01,3171.78,757860000.0,-0.0097,1047.19,1048.15,1048.2,1042.36,1290000000.0,0.0012,1158.05,1156.08,1162.44,1155.05,0.0022,1.83,1.29,0.78,0.07,1.014,1.012,1.014,1.012,-0.013600000000000001,57297000.0,56480000.0,58427000.0,56352000.0,480.0,0.014499999999999999,0,0,0,1,0,0,0,0,0,0,0,0,0,0,0,0,0,0,0,0,0,0,0,0,0,0,0,0,0,0,0,0,0,0,0,0,0,0,0,1,0,0,0,0,0,0,0,0,0,0,0,0,0,0
167,2021-09-10,3201.06,3189.71,3203.08,3181.64,641510000.0,0.0079,1053.85,1049.81,1054.53,1047.12,1440000000.0,0.0064,1154.28,1158.23,1159.71,1152.54,-0.0033,1.87,1.33,0.78,0.08,1.015,1.015,1.015,1.015,0.001,57830000.0,57272000.0,59143000.0,56421000.0,620.0,0.009300000000000001,0,0,0,0,1,0,0,0,0,0,0,0,0,0,0,0,0,0,0,0,0,0,0,0,0,0,0,0,0,0,0,0,0,0,0,0,0,0,0,1,0,0,0,0,0,0,0,0,0,0,0,0,0,0
168,2021-09-13,3203.33,3196.3,3206.25,3186.79,726190000.0,0.0007000000000000001,1052.96,1056.3,1056.3,1049.27,1330000000.0,-0.0008,1157.04,1155.75,1159.97,1154.53,0.0024,1.87,1.33,0.78,0.08,1.025,1.025,1.025,1.025,0.009899999999999999,60851000.0,59280000.0,61051000.0,58803000.0,740.0,0.0265,1,0,0,0,0,0,0,0,0,0,0,0,0,0,0,0,0,0,0,0,0,0,0,0,0,0,0,0,0,0,0,0,0,0,0,0,0,0,0,0,1,0,0,0,0,0,0,0,0,0,0,0,0,0
169,2021-09-14,3187.42,3200.07,3201.76,3176.81,760160000.0,-0.005,1054.43,1054.03,1054.76,1049.8,1570000000.0,0.0014000000000000002,1161.98,1157.33,1166.02,1155.0,0.0043,1.91,1.38,0.82,0.08,1.025,1.025,1.025,1.025,0.0,56620000.0,60851000.0,61143000.0,54467000.0,3330.0,-0.0695,0,1,0,0,0,0,0,0,0,0,0,0,0,0,0,0,0,0,0,0,0,0,0,0,0,0,0,0,0,0,0,0,0,0,0,0,0,0,0,0,1,0,0,0,0,0,0,0,0,0,0,0,0,0
170,2021-09-15,3162.99,3178.74,3187.55,3157.07,859890000.0,-0.0077,1037.22,1053.46,1053.46,1037.22,1480000000.0,-0.0163,1166.54,1162.16,1168.83,1161.15,0.0039000000000000003,1.88,1.35,0.81,0.08,1.033,1.033,1.033,1.033,0.0078000000000000005,55623000.0,56603000.0,57210000.0,52901000.0,520.0,-0.0176,0,0,1,0,0,0,0,0,0,0,0,0,0,0,0,0,0,0,0,0,0,0,0,0,0,0,0,0,0,0,0,0,0,0,0,0,0,0,0,0,1,0,0,0,0,0,0,0,0,0,0,0,0,0
171,2021-09-16,3114.7,3146.64,3158.6,3111.49,927370000.0,-0.015300000000000001,1034.62,1033.97,1042.04,1027.64,1410000000.0,-0.0025,1169.64,1167.14,1172.21,1166.05,0.0027,1.83,1.3,0.79,0.07,1.042,1.04,1.042,1.04,0.0087,55826000.0,55623000.0,56549000.0,54700000.0,570.0,0.0036,0,0,0,1,0,0,0,0,0,0,0,0,0,0,0,0,0,0,0,0,0,0,0,0,0,0,0,0,0,0,0,0,0,0,0,0,0,0,0,0,1,0,0,0,0,0,0,0,0,0,0,0,0,0
172,2021-09-17,3125.76,3121.09,3131.54,3103.38,723080000.0,0.0036,1037.91,1035.86,1039.73,1026.97,1380000000.0,0.0032,1170.23,1169.81,1174.13,1164.83,0.0005,1.86,1.35,0.82,0.08,1.054,1.055,1.055,1.054,0.0115,54910000.0,55826000.0,56646000.0,54500000.0,750.0,-0.016399999999999998,0,0,0,0,1,0,0,0,0,0,0,0,0,0,0,0,0,0,0,0,0,0,0,0,0,0,0,0,0,0,0,0,0,0,0,0,0,0,0,0,1,0,0,0,0,0,0,0,0,0,0,0,0,0
173,2021-09-23,3127.86,3117.35,3139.13,3109.01,732270000.0,0.0007000000000000001,1026.34,1036.86,1037.5,1023.98,1260000000.0,-0.0111,1172.83,1170.38,1177.53,1170.02,0.0022,1.83,1.33,0.81,0.07,1.05,1.045,1.05,1.045,-0.0038,54286000.0,55084000.0,56698000.0,53307000.0,550.0,-0.014499999999999999,0,0,0,1,0,0,0,0,0,0,0,0,0,0,0,0,0,0,0,0,0,0,0,0,0,0,0,0,0,0,0,0,0,0,0,0,0,0,0,0,0,1,0,0,0,0,0,0,0,0,0,0,0,0
174,2021-09-24,3148.83,3137.32,3164.31,3137.32,713230000.0,0.0067,1037.74,1029.57,1038.94,1028.4,1160000000.0,0.0111,1172.23,1173.44,1175.2,1166.38,-0.0005,1.78,1.28,0.79,0.07,1.063,1.063,1.063,1.063,0.0124,56557000.0,54286000.0,56822000.0,54044000.0,730.0,0.0418,0,0,0,0,1,0,0,0,0,0,0,0,0,0,0,0,0,0,0,0,0,0,0,0,0,0,0,0,0,0,0,0,0,0,0,0,0,0,0,0,0,1,0,0,0,0,0,0,0,0,0,0,0,0
175,2021-09-27,3153.4,3147.21,3164.01,3138.8,616560000.0,0.0015,1042.79,1039.57,1044.26,1038.8,1440000000.0,0.0049,1166.23,1172.41,1174.7,1164.77,-0.0051,1.8,1.31,0.81,0.07,1.044,1.045,1.046,1.044,-0.0179,57127000.0,56605000.0,57694000.0,55895000.0,880.0,0.0101,1,0,0,0,0,0,0,0,0,0,0,0,0,0,0,0,0,0,0,0,0,0,0,0,0,0,0,0,0,0,0,0,0,0,0,0,0,0,0,0,0,0,1,0,0,0,0,0,0,0,0,0,0,0
176,2021-09-28,3130.09,3165.38,3167.68,3126.65,612870000.0,-0.0074,1039.43,1047.85,1048.37,1037.72,1130000000.0,-0.0032,1175.19,1166.39,1176.94,1165.2,0.0077,1.83,1.34,0.84,0.07,1.043,1.045,1.045,1.042,-0.001,57248000.0,57095000.0,57516000.0,56370000.0,420.0,0.0021,0,1,0,0,0,0,0,0,0,0,0,0,0,0,0,0,0,0,0,0,0,0,0,0,0,0,0,0,0,0,0,0,0,0,0,0,0,0,0,0,0,0,1,0,0,0,0,0,0,0,0,0,0,0
177,2021-09-29,3140.51,3127.75,3142.13,3112.51,589240000.0,0.0033,1046.12,1040.73,1046.13,1033.69,1160000000.0,0.0064,1180.69,1175.36,1182.81,1174.23,0.004699999999999999,1.85,1.37,0.88,0.07,1.042,1.042,1.042,1.041,-0.001,57616000.0,57248000.0,57801000.0,56868000.0,420.0,0.0064,0,0,1,0,0,0,0,0,0,0,0,0,0,0,0,0,0,0,0,0,0,0,0,0,0,0,0,0,0,0,0,0,0,0,0,0,0,0,0,0,0,0,1,0,0,0,0,0,0,0,0,0,0,0
178,2021-09-30,3127.58,3123.64,3131.63,3107.98,623840000.0,-0.0040999999999999995,1036.26,1040.38,1043.58,1036.25,968170000.0,-0.009399999999999999,1174.63,1181.99,1186.62,1170.36,-0.006,1.87,1.41,0.94,0.08,1.042,1.045,1.045,1.042,0.0,54363000.0,53828000.0,54600000.0,52633000.0,550.0,0.0098,0,0,0,1,0,0,0,0,0,0,0,0,0,0,0,0,0,0,0,0,0,0,0,0,0,0,0,0,0,0,0,0,0,0,0,0,0,0,0,0,0,0,1,0,0,0,0,0,0,0,0,0,0,0
179,2021-10-01,3125.24,3140.73,3146.86,3119.4,753220000.0,-0.0007000000000000001,1037.03,1040.43,1045.21,1034.8,1310000000.0,0.0007000000000000001,1179.68,1174.83,1182.05,1171.81,0.0043,1.94,1.47,0.97,0.08,1.042,1.042,1.043,1.042,0.0,52158000.0,54363000.0,54614000.0,50730000.0,670.0,-0.0406,0,0,0,0,1,0,0,0,0,0,0,0,0,0,0,0,0,0,0,0,0,0,0,0,0,0,0,0,0,0,0,0,0,0,0,0,0,0,0,0,0,0,1,0,0,0,0,0,0,0,0,0,0,0
180,2021-10-05,3133.64,3121.7,3146.35,3119.26,883230000.0,0.0027,1034.82,1037.21,1039.63,1031.93,1050000000.0,-0.0021,1177.94,1179.95,1182.46,1173.98,-0.0015,1.95,1.48,0.98,0.09,1.043,1.047,1.047,1.043,0.001,51693000.0,52773000.0,53740000.0,51602000.0,460.0,-0.0208,0,1,0,0,0,0,0,0,0,0,0,0,0,0,0,0,0,0,0,0,0,0,0,0,0,0,0,0,0,0,0,0,0,0,0,0,0,0,0,0,0,0,0,1,0,0,0,0,0,0,0,0,0,0
181,2021-10-06,3097.92,3133.4,3134.46,3095.72,894910000.0,-0.011399999999999999,1012.51,1034.04,1034.07,1012.51,1400000000.0,-0.0216,1187.16,1177.09,1188.67,1176.37,0.0078000000000000005,2.02,1.54,1.02,0.09,1.05,1.052,1.052,1.05,0.0067,50268000.0,51711000.0,52096000.0,50135000.0,590.0,-0.0276,0,0,1,0,0,0,0,0,0,0,0,0,0,0,0,0,0,0,0,0,0,0,0,0,0,0,0,0,0,0,0,0,0,0,0,0,0,0,0,0,0,0,0,1,0,0,0,0,0,0,0,0,0,0
182,2021-10-07,3060.27,3055.5,3069.04,3030.6,821560000.0,-0.012199999999999999,1001.46,994.61,1004.85,989.07,1310000000.0,-0.0109,1187.11,1188.04,1189.26,1181.2,-0.0,2.04,1.55,1.01,0.09,1.05,1.05,1.05,1.05,0.0,50804000.0,50268000.0,51800000.0,49861000.0,450.0,0.010700000000000001,0,0,0,1,0,0,0,0,0,0,0,0,0,0,0,0,0,0,0,0,0,0,0,0,0,0,0,0,0,0,0,0,0,0,0,0,0,0,0,0,0,0,0,1,0,0,0,0,0,0,0,0,0,0
183,2021-10-08,3068.82,3054.87,3079.43,3046.43,885820000.0,0.0028000000000000004,1003.27,1001.92,1010.03,999.58,1290000000.0,0.0018,1184.23,1187.93,1189.38,1180.22,-0.0024,2.02,1.52,0.98,0.09,1.05,1.05,1.051,1.05,0.0,53473000.0,50804000.0,53640000.0,50666000.0,510.0,0.0525,0,0,0,0,1,0,0,0,0,0,0,0,0,0,0,0,0,0,0,0,0,0,0,0,0,0,0,0,0,0,0,0,0,0,0,0,0,0,0,0,0,0,0,1,0,0,0,0,0,0,0,0,0,0
184,2021-10-12,3019.18,3056.21,3062.6,3015.01,855480000.0,-0.016200000000000003,983.2,998.7,1002.68,982.26,1370000000.0,-0.02,1180.35,1184.78,1189.05,1179.2,-0.0033,1.99,1.48,0.93,0.09,1.05,1.052,1.052,1.05,0.0,58386000.0,53475000.0,58533000.0,52970000.0,720.0,0.0919,0,1,0,0,0,0,0,0,0,0,0,0,0,0,0,0,0,0,0,0,0,0,0,0,0,0,0,0,0,0,0,0,0,0,0,0,0,0,0,0,0,0,0,0,1,0,0,0,0,0,0,0,0,0
185,2021-10-13,2962.17,2998.17,2998.17,2940.59,840560000.0,-0.0189,955.37,974.24,974.24,950.09,1350000000.0,-0.028300000000000002,1186.48,1184.45,1189.12,1183.83,0.002,2.04,1.54,0.98,0.09,1.05,1.05,1.051,1.05,0.0,61800000.0,59915000.0,62488000.0,59480000.0,950.0,0.031200000000000002,0,0,1,0,0,0,0,0,0,0,0,0,0,0,0,0,0,0,0,0,0,0,0,0,0,0,0,0,0,0,0,0,0,0,0,0,0,0,0,0,0,0,0,0,1,0,0,0,0,0,0,0,0,0
186,2021-10-14,2908.31,2986.06,2993.47,2908.3,901720000.0,-0.0182,922.36,962.62,967.67,922.36,1650000000.0,-0.0346,1190.21,1186.69,1197.94,1185.9,0.0031,2.02,1.53,0.99,0.1,1.067,1.065,1.067,1.065,0.016200000000000003,67121000.0,61800000.0,67747000.0,61173000.0,1330.0,0.0861,0,0,0,1,0,0,0,0,0,0,0,0,0,0,0,0,0,0,0,0,0,0,0,0,0,0,0,0,0,0,0,0,0,0,0,0,0,0,0,0,0,0,0,0,1,0,0,0,0,0,0,0,0,0
187,2021-10-15,2959.46,2936.87,2961.53,2927.6,595380000.0,0.0176,953.43,932.65,953.48,932.32,1350000000.0,0.0337,1190.88,1190.74,1192.08,1188.15,0.0006,2.08,1.58,1.02,0.1,1.065,1.065,1.065,1.065,-0.0019,65474000.0,67121000.0,67271000.0,65230000.0,360.0,-0.0245,0,0,0,0,1,0,0,0,0,0,0,0,0,0,0,0,0,0,0,0,0,0,0,0,0,0,0,0,0,0,0,0,0,0,0,0,0,0,0,0,0,0,0,0,1,0,0,0,0,0,0,0,0,0
188,2021-10-18,2956.3,2977.82,2978.08,2949.01,668950000.0,-0.0011,953.11,959.81,961.72,948.02,1340000000.0,-0.0003,1196.79,1191.33,1197.61,1190.35,0.005,2.11,1.61,1.05,0.09,1.065,1.065,1.065,1.065,0.0,65982000.0,65474000.0,68000000.0,65216000.0,330.0,0.0078000000000000005,1,0,0,0,0,0,0,0,0,0,0,0,0,0,0,0,0,0,0,0,0,0,0,0,0,0,0,0,0,0,0,0,0,0,0,0,0,0,0,0,0,0,0,0,0,1,0,0,0,0,0,0,0,0
189,2021-10-19,2916.38,2950.22,2950.94,2901.51,660180000.0,-0.013500000000000002,940.15,951.12,951.12,936.95,1140000000.0,-0.013600000000000001,1197.29,1195.75,1200.9,1195.38,0.0017000000000000001,2.05,1.59,1.08,0.1,1.0759999999999998,1.075,1.0759999999999998,1.075,0.0103,69211000.0,70954000.0,71136000.0,67162000.0,720.0,-0.0246,0,1,0,0,0,0,0,0,0,0,0,0,0,0,0,0,0,0,0,0,0,0,0,0,0,0,0,0,0,0,0,0,0,0,0,0,0,0,0,0,0,0,0,0,0,1,0,0,0,0,0,0,0,0
190,2021-10-20,2944.41,2913.34,2953.33,2909.47,752130000.0,0.0096,953.47,939.4,954.63,939.28,1050000000.0,0.014199999999999999,1186.18,1197.92,1199.49,1186.3,-0.009300000000000001,2.0,1.56,1.09,0.11,1.078,1.075,1.078,1.075,0.0019,69925000.0,69239000.0,70637000.0,66800000.0,510.0,0.0103,0,0,1,0,0,0,0,0,0,0,0,0,0,0,0,0,0,0,0,0,0,0,0,0,0,0,0,0,0,0,0,0,0,0,0,0,0,0,0,0,0,0,0,0,0,1,0,0,0,0,0,0,0,0
191,2021-10-21,2988.64,2968.87,2988.97,2962.33,617170000.0,0.015,983.43,960.58,983.63,960.52,1190000000.0,0.031400000000000004,1181.69,1186.87,1190.94,1181.76,-0.0038,1.97,1.52,1.05,0.1,1.079,1.077,1.079,1.077,0.0009,69753000.0,69925000.0,71300000.0,69101000.0,1200.0,-0.0025,0,0,0,1,0,0,0,0,0,0,0,0,0,0,0,0,0,0,0,0,0,0,0,0,0,0,0,0,0,0,0,0,0,0,0,0,0,0,0,0,0,0,0,0,0,1,0,0,0,0,0,0,0,0
192,2021-10-22,3015.06,3012.62,3021.9,2999.33,857800000.0,0.0088,990.54,990.24,992.16,981.83,1370000000.0,0.0072,1182.07,1182.23,1185.31,1180.87,0.0003,2.02,1.59,1.13,0.12,1.08,1.08,1.08,1.08,0.0009,75707000.0,69753000.0,76605000.0,69352000.0,1760.0,0.08539999999999999,0,0,0,0,1,0,0,0,0,0,0,0,0,0,0,0,0,0,0,0,0,0,0,0,0,0,0,0,0,0,0,0,0,0,0,0,0,0,0,0,0,0,0,0,0,1,0,0,0,0,0,0,0,0
193,2021-10-25,3006.68,3017.48,3021.17,2990.44,926370000.0,-0.0028000000000000004,993.86,992.57,997.92,985.14,1190000000.0,0.0034000000000000002,1185.47,1182.49,1188.85,1182.39,0.0029,1.99,1.59,1.16,0.11,1.07,1.07,1.07,1.07,-0.0074,76494000.0,75952000.0,77000000.0,74000000.0,920.0,0.0070999999999999995,1,0,0,0,0,0,0,0,0,0,0,0,0,0,0,0,0,0,0,0,0,0,0,0,0,0,0,0,0,0,0,0,0,0,0,0,0,0,0,0,0,0,0,0,0,0,1,0,0,0,0,0,0,0
194,2021-10-26,3029.04,3022.23,3034.53,3014.19,845700000.0,0.0074,1005.35,997.57,1005.35,997.1,1380000000.0,0.0116,1175.13,1185.89,1186.04,1173.73,-0.0087,2.07,1.65,1.17,0.11,1.065,1.065,1.065,1.065,-0.004699999999999999,78715000.0,76469000.0,78959000.0,75656000.0,1570.0,0.028999999999999998,0,1,0,0,0,0,0,0,0,0,0,0,0,0,0,0,0,0,0,0,0,0,0,0,0,0,0,0,0,0,0,0,0,0,0,0,0,0,0,0,0,0,0,0,0,0,1,0,0,0,0,0,0,0
195,2021-10-27,3013.13,3043.13,3047.24,3012.97,680330000.0,-0.0053,1001.62,1009.11,1011.55,1001.1,1550000000.0,-0.0037,1175.63,1175.61,1179.26,1172.01,0.0004,2.09,1.65,1.16,0.1,1.065,1.065,1.065,1.065,0.0,79630000.0,78715000.0,81200000.0,77777000.0,1480.0,0.0116,0,0,1,0,0,0,0,0,0,0,0,0,0,0,0,0,0,0,0,0,0,0,0,0,0,0,0,0,0,0,0,0,0,0,0,0,0,0,0,0,0,0,0,0,0,0,1,0,0,0,0,0,0,0
196,2021-10-28,3007.33,3012.28,3025.88,3002.74,887370000.0,-0.0019,993.7,1003.48,1004.61,992.04,1560000000.0,-0.0079,1177.78,1175.81,1180.03,1172.98,0.0018,2.1,1.68,1.23,0.12,1.065,1.065,1.065,1.065,0.0,76196000.0,79644000.0,80460000.0,76146000.0,1620.0,-0.0431,0,0,0,1,0,0,0,0,0,0,0,0,0,0,0,0,0,0,0,0,0,0,0,0,0,0,0,0,0,0,0,0,0,0,0,0,0,0,0,0,0,0,0,0,0,0,1,0,0,0,0,0,0,0
197,2021-10-29,3006.16,3005.36,3018.7,2996.26,695270000.0,-0.0004,995.07,992.22,1000.15,989.43,1160000000.0,0.0014000000000000002,1177.48,1177.86,1181.7,1173.64,-0.0003,2.06,1.66,1.22,0.13,1.078,1.08,1.08,1.077,0.012199999999999999,74283000.0,76193000.0,77355000.0,73750000.0,1550.0,-0.025099999999999997,0,0,0,0,1,0,0,0,0,0,0,0,0,0,0,0,0,0,0,0,0,0,0,0,0,0,0,0,0,0,0,0,0,0,0,0,0,0,0,0,0,0,0,0,0,0,1,0,0,0,0,0,0,0
198,2021-11-01,3020.54,3001.1,3025.27,2983.29,791800000.0,0.0048,994.31,994.75,995.39,986.55,1060000000.0,-0.0008,1168.02,1177.44,1178.96,1166.96,-0.008,2.07,1.64,1.19,0.14,1.085,1.085,1.087,1.085,0.006500000000000001,76280000.0,74471000.0,76964000.0,74265000.0,1030.0,0.024399999999999998,1,0,0,0,0,0,0,0,0,0,0,0,0,0,0,0,0,0,0,0,0,0,0,0,0,0,0,0,0,0,0,0,0,0,0,0,0,0,0,0,0,0,0,0,0,0,0,1,0,0,0,0,0,0
199,2021-11-02,3049.08,3039.82,3051.65,3030.53,564560000.0,0.009399999999999999,1011.76,1000.32,1011.76,1000.29,1330000000.0,0.0175,1167.95,1168.13,1170.47,1163.75,-0.0001,2.03,1.63,1.2,0.14,1.123,1.12,1.123,1.12,0.035,73012000.0,76280000.0,76442000.0,72796000.0,1610.0,-0.042800000000000005,0,1,0,0,0,0,0,0,0,0,0,0,0,0,0,0,0,0,0,0,0,0,0,0,0,0,0,0,0,0,0,0,0,0,0,0,0,0,0,0,0,0,0,0,0,0,0,1,0,0,0,0,0,0
200,2021-11-03,3025.49,3045.83,3049.02,3019.0,607880000.0,-0.0077,1008.95,1012.91,1013.17,1006.03,1270000000.0,-0.0028000000000000004,1172.05,1168.06,1174.09,1165.45,0.0034999999999999996,1.93,1.54,1.16,0.12,1.198,1.2,1.2,1.198,0.0668,71646000.0,73004000.0,73866000.0,70420000.0,1320.0,-0.0187,0,0,1,0,0,0,0,0,0,0,0,0,0,0,0,0,0,0,0,0,0,0,0,0,0,0,0,0,0,0,0,0,0,0,0,0,0,0,0,0,0,0,0,0,0,0,0,1,0,0,0,0,0,0
201,2021-11-04,3009.55,3023.17,3034.42,3009.55,617260000.0,-0.0053,1000.13,1008.93,1011.5,999.59,1310000000.0,-0.0087,1168.44,1172.17,1174.7,1166.06,-0.0031,1.98,1.57,1.18,0.15,1.2429999999999999,1.24,1.245,1.24,0.037599999999999995,72947000.0,71612000.0,74630000.0,70727000.0,1770.0,0.0182,0,0,0,1,0,0,0,0,0,0,0,0,0,0,0,0,0,0,0,0,0,0,0,0,0,0,0,0,0,0,0,0,0,0,0,0,0,0,0,0,0,0,0,0,0,0,0,1,0,0,0,0,0,0
202,2021-11-05,2970.68,3025.67,3030.17,2965.4,545830000.0,-0.0129,992.33,1004.91,1005.19,991.03,1320000000.0,-0.0078000000000000005,1174.47,1168.45,1177.07,1167.81,0.0052,1.98,1.55,1.18,0.15,1.328,1.328,1.33,1.328,0.0684,74641000.0,73029000.0,75452000.0,72530000.0,1720.0,0.0232,0,0,0,0,1,0,0,0,0,0,0,0,0,0,0,0,0,0,0,0,0,0,0,0,0,0,0,0,0,0,0,0,0,0,0,0,0,0,0,0,0,0,0,0,0,0,0,1,0,0,0,0,0,0
203,2021-11-08,2978.94,2984.18,2991.81,2976.87,475380000.0,0.0028000000000000004,998.57,995.56,1001.25,994.28,1170000000.0,0.0063,1177.45,1174.61,1179.89,1173.28,0.0025,2.01,1.58,1.2,0.15,1.331,1.33,1.331,1.327,0.0199,72422000.0,72574000.0,73900000.0,71030000.0,940.0,-0.0021,1,0,0,0,0,0,0,0,0,0,0,0,0,0,0,0,0,0,0,0,0,0,0,0,0,0,0,0,0,0,0,0,0,0,0,0,0,0,0,0,0,0,0,0,0,0,0,0,1,0,0,0,0,0
204,2021-11-09,3013.49,2995.58,3034.3,2995.58,525850000.0,0.0116,1009.44,1000.96,1012.2,1000.96,1400000000.0,0.0109,1178.48,1177.56,1179.91,1174.03,0.0009,1.97,1.56,1.15,0.15,1.318,1.331,1.331,1.315,-0.0098,74162000.0,72385000.0,75500000.0,72007000.0,1190.0,0.024,0,1,0,0,0,0,0,0,0,0,0,0,0,0,0,0,0,0,0,0,0,0,0,0,0,0,0,0,0,0,0,0,0,0,0,0,0,0,0,0,0,0,0,0,0,0,0,0,1,0,0,0,0,0
205,2021-11-10,2975.71,3020.36,3020.87,2969.01,658650000.0,-0.0125,1005.0,1011.2,1013.68,1003.66,1100000000.0,-0.0044,1178.78,1178.59,1185.94,1177.99,0.0003,2.01,1.6,1.19,0.17,1.3359999999999999,1.335,1.337,1.335,0.0137,74674000.0,74162000.0,74994000.0,72132000.0,1430.0,0.0069,0,0,1,0,0,0,0,0,0,0,0,0,0,0,0,0,0,0,0,0,0,0,0,0,0,0,0,0,0,0,0,0,0,0,0,0,0,0,0,0,0,0,0,0,0,0,0,0,1,0,0,0,0,0
206,2021-11-11,2983.22,3000.92,3011.56,2978.07,772020000.0,0.0025,1001.43,1012.62,1015.72,995.73,1230000000.0,-0.0036,1185.75,1178.89,1188.81,1176.94,0.0059,1.96,1.53,1.1,0.14,1.325,1.325,1.3259999999999998,1.325,-0.008199999999999999,73757000.0,74656000.0,74846000.0,73322000.0,1250.0,-0.0123,0,0,0,1,0,0,0,0,0,0,0,0,0,0,0,0,0,0,0,0,0,0,0,0,0,0,0,0,0,0,0,0,0,0,0,0,0,0,0,0,0,0,0,0,0,0,0,0,1,0,0,0,0,0
207,2021-11-12,2969.27,3003.53,3003.53,2953.96,688030000.0,-0.004699999999999999,1001.35,1006.04,1006.04,995.35,1250000000.0,-0.0001,1181.05,1185.97,1188.43,1181.21,-0.004,1.88,1.45,1.04,0.14,1.285,1.287,1.287,1.285,-0.0302,74108000.0,73757000.0,74945000.0,73207000.0,1060.0,0.0048,0,0,0,0,1,0,0,0,0,0,0,0,0,0,0,0,0,0,0,0,0,0,0,0,0,0,0,0,0,0,0,0,0,0,0,0,0,0,0,0,0,0,0,0,0,0,0,0,1,0,0,0,0,0
208,2021-11-15,2960.2,2965.36,2968.18,2930.9,560200000.0,-0.0031,1002.5,999.08,1003.18,988.36,1250000000.0,0.0011,1180.84,1181.51,1186.74,1178.93,-0.0002,1.91,1.51,1.13,0.16,1.2819999999999998,1.285,1.285,1.281,-0.0023,81504000.0,76666000.0,81650000.0,76650000.0,1290.0,0.06280000000000001,1,0,0,0,0,0,0,0,0,0,0,0,0,0,0,0,0,0,0,0,0,0,0,0,0,0,0,0,0,0,0,0,0,0,0,0,0,0,0,0,0,0,0,0,0,0,0,0,0,1,0,0,0,0
209,2021-11-16,2962.46,2958.15,2987.28,2949.17,708770000.0,0.0008,1008.68,1002.51,1010.79,1002.51,1250000000.0,0.0062,1178.4,1180.95,1182.1,1173.36,-0.0021,1.86,1.46,1.08,0.14,1.274,1.2819999999999998,1.2819999999999998,1.274,-0.0062,80729000.0,81504000.0,82475000.0,79815000.0,1340.0,-0.0095,0,1,0,0,0,0,0,0,0,0,0,0,0,0,0,0,0,0,0,0,0,0,0,0,0,0,0,0,0,0,0,0,0,0,0,0,0,0,0,0,0,0,0,0,0,0,0,0,0,1,0,0,0,0
210,2021-11-17,2930.17,2947.46,2958.61,2924.36,570930000.0,-0.0109,987.75,1006.59,1006.9,983.82,1480000000.0,-0.0207,1185.04,1178.51,1186.15,1176.82,0.005600000000000001,1.96,1.56,1.23,0.17,1.273,1.275,1.275,1.272,-0.0008,79520000.0,80730000.0,82425000.0,77983000.0,2180.0,-0.015,0,0,1,0,0,0,0,0,0,0,0,0,0,0,0,0,0,0,0,0,0,0,0,0,0,0,0,0,0,0,0,0,0,0,0,0,0,0,0,0,0,0,0,0,0,0,0,0,0,1,0,0,0,0
211,2021-11-18,2924.92,2911.41,2925.19,2903.72,572860000.0,-0.0018,992.65,981.42,994.69,979.68,1110000000.0,0.005,1182.39,1185.15,1187.3,1178.17,-0.0022,1.96,1.56,1.23,0.17,1.273,1.27,1.273,1.27,0.0,78842000.0,79520000.0,79670000.0,78400000.0,1100.0,-0.0085,0,0,0,1,0,0,0,0,0,0,0,0,0,0,0,0,0,0,0,0,0,0,0,0,0,0,0,0,0,0,0,0,0,0,0,0,0,0,0,0,0,0,0,0,0,0,0,0,0,1,0,0,0,0
212,2021-11-19,2968.8,2945.95,2973.84,2938.27,665730000.0,0.015,1009.07,999.29,1009.15,998.14,856020000.0,0.0165,1179.2,1182.45,1184.1,1176.31,-0.0027,1.99,1.58,1.24,0.17,1.273,1.275,1.275,1.272,0.0,78179000.0,78860000.0,79133000.0,76601000.0,1000.0,-0.0084,0,0,0,0,1,0,0,0,0,0,0,0,0,0,0,0,0,0,0,0,0,0,0,0,0,0,0,0,0,0,0,0,0,0,0,0,0,0,0,0,0,0,0,0,0,0,0,0,0,1,0,0,0,0
213,2021-11-22,2999.52,2989.68,3003.71,2979.96,639400000.0,0.0103,1029.03,1016.35,1029.07,1016.16,932600000.0,0.019799999999999998,1183.42,1179.94,1184.78,1177.17,0.0036,2.05,1.63,1.26,0.18,1.2670000000000001,1.275,1.276,1.266,-0.004699999999999999,77559000.0,79352000.0,80111000.0,77240000.0,1090.0,-0.022799999999999997,1,0,0,0,0,0,0,0,0,0,0,0,0,0,0,0,0,0,0,0,0,0,0,0,0,0,0,0,0,0,0,0,0,0,0,0,0,0,0,0,0,0,0,0,0,0,0,0,0,0,1,0,0,0
214,2021-11-23,2997.21,2995.68,3011.88,2985.34,579650000.0,-0.0008,1035.46,1029.35,1035.98,1027.07,995270000.0,0.0062,1183.85,1183.56,1185.8,1175.3,0.0004,2.06,1.63,1.27,0.17,1.274,1.272,1.274,1.272,0.0055000000000000005,73884000.0,77530000.0,77558000.0,73126000.0,1100.0,-0.047400000000000005,0,1,0,0,0,0,0,0,0,0,0,0,0,0,0,0,0,0,0,0,0,0,0,0,0,0,0,0,0,0,0,0,0,0,0,0,0,0,0,0,0,0,0,0,0,0,0,0,0,0,1,0,0,0
215,2021-11-24,2962.42,3004.02,3004.67,2957.7,541490000.0,-0.0116,1031.26,1039.36,1039.36,1028.02,1410000000.0,-0.0040999999999999995,1180.46,1183.99,1186.96,1179.58,-0.0029,2.04,1.6,1.24,0.18,1.23,1.23,1.23,1.23,-0.0345,73962000.0,73882000.0,74581000.0,71822000.0,1100.0,0.0011,0,0,1,0,0,0,0,0,0,0,0,0,0,0,0,0,0,0,0,0,0,0,0,0,0,0,0,0,0,0,0,0,0,0,0,0,0,0,0,0,0,0,0,0,0,0,0,0,0,0,1,0,0,0
216,2021-11-25,2947.38,2959.26,2964.48,2937.53,541650000.0,-0.0051,1032.77,1033.16,1034.51,1018.13,1470000000.0,0.0015,1182.37,1180.58,1187.76,1177.92,0.0016,2.01,1.59,1.22,0.18,1.22,1.22,1.22,1.22,-0.008100000000000001,70388000.0,73952000.0,74396000.0,69846000.0,1780.0,-0.0483,0,0,0,1,0,0,0,0,0,0,0,0,0,0,0,0,0,0,0,0,0,0,0,0,0,0,0,0,0,0,0,0,0,0,0,0,0,0,0,0,0,0,0,0,0,0,0,0,0,0,1,0,0,0
217,2021-11-26,2971.02,2951.06,2974.64,2948.07,657090000.0,0.008,1041.92,1032.07,1042.4,1029.54,1270000000.0,0.0089,1187.1,1182.99,1187.67,1181.16,0.004,1.95,1.54,1.22,0.18,1.22,1.22,1.22,1.22,0.0,71782000.0,70388000.0,72218000.0,69032000.0,840.0,0.019799999999999998,0,0,0,0,1,0,0,0,0,0,0,0,0,0,0,0,0,0,0,0,0,0,0,0,0,0,0,0,0,0,0,0,0,0,0,0,0,0,0,0,0,0,0,0,0,0,0,0,0,0,1,0,0,0
218,2021-11-29,3013.25,2983.38,3018.01,2980.73,530960000.00000006,0.014199999999999999,1032.31,1043.55,1045.36,1023.13,1320000000.0,-0.0092,1190.08,1188.77,1191.36,1184.81,0.0025,2.03,1.63,1.33,0.2,1.236,1.24,1.24,1.236,0.0131,70416000.0,72963000.0,73429000.0,70051000.0,1390.0,-0.0349,1,0,0,0,0,0,0,0,0,0,0,0,0,0,0,0,0,0,0,0,0,0,0,0,0,0,0,0,0,0,0,0,0,0,0,0,0,0,0,0,0,0,0,0,0,0,0,0,0,0,0,1,0,0
219,2021-11-30,2997.33,3013.16,3016.36,2992.14,524230000.0,-0.0053,1013.72,1024.33,1029.08,1012.95,1040000000.0,-0.018000000000000002,1189.08,1190.57,1192.47,1187.06,-0.0008,2.08,1.67,1.33,0.21,1.248,1.255,1.255,1.248,0.0097,71618000.0,70421000.0,71995000.0,69400000.0,1140.0,0.0171,0,1,0,0,0,0,0,0,0,0,0,0,0,0,0,0,0,0,0,0,0,0,0,0,0,0,0,0,0,0,0,0,0,0,0,0,0,0,0,0,0,0,0,0,0,0,0,0,0,0,0,1,0,0
220,2021-12-01,2994.29,3006.34,3017.9,2981.02,556640000.0,-0.001,1020.13,1015.23,1021.13,1003.19,1020000000.0,0.0063,1188.77,1190.07,1190.79,1185.02,-0.0003,2.03,1.64,1.34,0.24,1.246,1.248,1.25,1.246,-0.0016,71670000.0,71617000.0,72340000.0,70050000.0,1190.0,0.0007000000000000001,0,0,1,0,0,0,0,0,0,0,0,0,0,0,0,0,0,0,0,0,0,0,0,0,0,0,0,0,0,0,0,0,0,0,0,0,0,0,0,0,0,0,0,0,0,0,0,0,0,0,0,1,0,0
221,2021-12-02,2980.27,2996.74,2996.74,2973.24,595970000.0,-0.004699999999999999,1015.66,1023.41,1025.9,1015.62,1100000000.0,-0.0044,1190.16,1188.81,1192.28,1187.82,0.0012,2.03,1.64,1.34,0.24,1.238,1.24,1.24,1.237,-0.0064,73138000.0,71670000.0,73950000.0,71066000.0,1140.0,0.020499999999999997,0,0,0,1,0,0,0,0,0,0,0,0,0,0,0,0,0,0,0,0,0,0,0,0,0,0,0,0,0,0,0,0,0,0,0,0,0,0,0,0,0,0,0,0,0,0,0,0,0,0,0,1,0,0
222,2021-12-03,2936.44,2973.04,2985.77,2930.31,595600000.0,-0.0147,1005.89,1017.9,1021.15,999.4,1240000000.0,-0.0096,1194.43,1190.24,1196.26,1189.74,0.0036,1.89,1.48,1.16,0.2,1.23,1.23,1.23,1.23,-0.006500000000000001,68329000.0,73128000.0,73499000.0,67986000.0,1340.0,-0.0658,0,0,0,0,1,0,0,0,0,0,0,0,0,0,0,0,0,0,0,0,0,0,0,0,0,0,0,0,0,0,0,0,0,0,0,0,0,0,0,0,0,0,0,0,0,0,0,0,0,0,0,1,0,0
223,2021-12-06,2909.32,2906.15,2930.22,2890.78,844400000.0,-0.0092,992.34,986.64,1002.79,980.26,1350000000.0,-0.013500000000000002,1190.69,1195.8,1196.0,1189.9,-0.0031,1.93,1.52,1.18,0.21,1.22,1.22,1.22,1.22,-0.008100000000000001,72200000.0,72299000.0,73148000.0,71349000.0,900.0,-0.0008,1,0,0,0,0,0,0,0,0,0,0,0,0,0,0,0,0,0,0,0,0,0,0,0,0,0,0,0,0,0,0,0,0,0,0,0,0,0,0,0,0,0,0,0,0,0,0,0,0,0,0,0,1,0
224,2021-12-07,2839.01,2932.71,2942.93,2822.73,983560000.0,-0.0242,965.63,1003.04,1004.83,960.84,1360000000.0,-0.0269,1182.71,1190.96,1191.73,1182.26,-0.0067,1.85,1.43,1.14,0.24,1.218,1.215,1.218,1.215,-0.0016,70566000.0,72203000.0,73040000.0,70000000.0,1200.0,-0.0226,0,1,0,0,0,0,0,0,0,0,0,0,0,0,0,0,0,0,0,0,0,0,0,0,0,0,0,0,0,0,0,0,0,0,0,0,0,0,0,0,0,0,0,0,0,0,0,0,0,0,0,0,1,0
225,2021-12-08,2899.72,2860.12,2905.74,2837.03,563930000.0,0.021400000000000002,977.15,969.9,977.73,949.86,1080000000.0,0.011899999999999999,1176.93,1182.84,1185.49,1173.33,-0.0049,1.84,1.43,1.15,0.25,1.415,1.415,1.415,1.415,0.1617,70915000.0,70600000.0,72007000.0,70250000.0,120.0,0.0049,0,0,1,0,0,0,0,0,0,0,0,0,0,0,0,0,0,0,0,0,0,0,0,0,0,0,0,0,0,0,0,0,0,0,0,0,0,0,0,0,0,0,0,0,0,0,0,0,0,0,0,0,1,0
226,2021-12-09,2945.27,2874.64,2945.27,2874.64,534460000.00000006,0.015700000000000002,977.43,967.34,978.16,961.98,1090000000.0,0.0003,1176.74,1177.06,1179.35,1173.32,-0.0002,1.87,1.44,1.21,0.27,1.406,1.41,1.41,1.406,-0.0064,70204000.0,70915000.0,71350000.0,69550000.0,410.0,-0.01,0,0,0,1,0,0,0,0,0,0,0,0,0,0,0,0,0,0,0,0,0,0,0,0,0,0,0,0,0,0,0,0,0,0,0,0,0,0,0,0,0,0,0,0,0,0,0,0,0,0,0,0,1,0
227,2021-12-10,2968.33,2935.93,2975.44,2927.55,486750000.0,0.0078000000000000005,998.47,981.65,998.49,977.91,1210000000.0,0.0215,1181.0,1176.85,1183.63,1175.83,0.0036,1.77,1.35,1.13,0.26,1.406,1.405,1.4069999999999998,1.405,0.0,67962000.0,70204000.0,70904000.0,66890000.0,900.0,-0.0319,0,0,0,0,1,0,0,0,0,0,0,0,0,0,0,0,0,0,0,0,0,0,0,0,0,0,0,0,0,0,0,0,0,0,0,0,0,0,0,0,0,0,0,0,0,0,0,0,0,0,0,0,1,0
228,2021-12-13,2973.25,2954.82,2983.5,2932.49,479910000.0,0.0017000000000000001,991.87,990.07,994.15,980.87,1060000000.0,-0.0066,1180.54,1184.85,1186.49,1179.7,-0.0004,1.84,1.43,1.21,0.28,1.3869999999999998,1.385,1.3869999999999998,1.385,-0.013500000000000002,62600000.0,61741000.0,62981000.0,58955000.0,730.0,0.0139,1,0,0,0,0,0,0,0,0,0,0,0,0,0,0,0,0,0,0,0,0,0,0,0,0,0,0,0,0,0,0,0,0,0,0,0,0,0,0,0,0,0,0,0,0,0,0,0,0,0,0,0,0,1
229,2021-12-14,2991.72,2973.84,2992.31,2960.9,541370000.0,0.0062,996.64,996.89,999.52,991.07,1020000000.0,0.0048,1176.73,1180.66,1184.03,1176.56,-0.0032,1.88,1.48,1.26,0.31,1.382,1.3869999999999998,1.3869999999999998,1.382,-0.0036,63063000.0,62586000.0,63999000.0,62246000.0,550.0,0.0074,0,1,0,0,0,0,0,0,0,0,0,0,0,0,0,0,0,0,0,0,0,0,0,0,0,0,0,0,0,0,0,0,0,0,0,0,0,0,0,0,0,0,0,0,0,0,0,0,0,0,0,0,0,1
